"PlayerName","Team","POS","ADP","PA","mAVG","mRBI","mR","mSB","mHR","PTS","aPOS","Dollars"
"Juan Soto","WSN","OF/DH","3.7","660","$7.0","$7.0","$6.7","$2.2","$5.7","$28.7","$10.5","$40.2"
"Ronald Acuna Jr.","ATL","OF","1.6","660","$2.7","$3.8","$8.3","$7.4","$5.8","$28.1","$10.5","$39.6"
"Mookie Betts","LAD","OF","4.1","669","$5.2","$3.6","$8.9","$5.4","$3.8","$26.9","$10.5","$38.4"
"Fernando Tatis Jr.","SDP","SS","2.7","646","$3.5","$4.8","$6.3","$6.5","$5.1","$26.2","$10.5","$37.7"
"Mike Trout","LAA","OF","6.0","655","$3.8","$6.6","$7.1","$0.0","$7.6","$25.1","$10.5","$36.5"
"Trea Turner","LAD","SS","7.7","657","$5.6","$1.2","$5.1","$8.9","$0.2","$21.0","$10.5","$32.5"
"Jose Ramirez","CLE","3B","10.9","644","$2.2","$4.8","$4.4","$6.2","$3.7","$21.2","$9.7","$32.0"
"Trevor Story","COL","SS","12.2","657","$3.1","$2.5","$4.6","$6.9","$3.3","$20.4","$10.5","$31.9"
"Freddie Freeman","ATL","1B","13.4","665","$6.9","$6.2","$5.9","($1.0)","$3.3","$21.2","$9.5","$31.8"
"Bryce Harper","PHI","OF/DH","17.6","661","$0.2","$5.0","$5.2","$3.1","$4.9","$18.3","$10.5","$29.8"
"Christian Yelich","MIL","OF/DH","10.7","650","$2.3","$3.2","$5.4","$2.9","$4.3","$18.1","$10.5","$29.5"
"Cody Bellinger","LAD","1B/OF","17.6","617","$2.2","$4.5","$3.9","$1.5","$4.4","$16.5","$10.5","$27.9"
"Manny Machado","SDP","3B","21.4","661","$2.5","$5.5","$3.3","$0.9","$4.2","$16.5","$9.7","$27.2"
"Xander Bogaerts","BOS","SS","34.0","634","$4.7","$3.4","$3.8","$1.6","$2.0","$15.4","$10.5","$26.9"
"Marcell Ozuna","ATL","OF/DH","44.1","634","$3.9","$5.9","$2.7","($1.5)","$3.9","$14.8","$10.5","$26.3"
"Bo Bichette","TOR","SS","25.1","626","$4.4","$1.9","$3.2","$4.8","$0.3","$14.6","$10.5","$26.1"
"Corey Seager","LAD","SS/DH","29.2","608","$4.9","$4.3","$3.6","($1.8)","$2.6","$13.7","$10.5","$25.2"
"Rafael Devers","BOS","3B","41.4","640","$3.4","$4.8","$3.9","($1.3)","$2.8","$13.6","$9.7","$24.4"
"Kyle Tucker","HOU","OF/DH","32.2","618","($0.3)","$3.5","$2.8","$4.4","$1.5","$11.9","$10.5","$23.3"
"DJ LeMahieu","NYY","1B/2B/3B","27.8","638","$7.8","$0.7","$4.6","($0.5)","($0.9)","$11.7","$10.5","$23.2"
"Francisco Lindor","NYM","SS","18.7","669","$1.0","$1.5","$3.5","$3.6","$2.2","$11.7","$10.5","$23.2"
"Jose Abreu","CHW","1B/DH","41.5","640","$3.5","$6.4","$1.9","($2.5)","$3.1","$12.4","$9.5","$23.0"
"Ozzie Albies","ATL","2B","35.7","640","$3.2","$1.8","$3.5","$2.3","$0.6","$11.3","$10.5","$22.9"
"Tim Anderson","CHW","SS","43.3","632","$5.1","($0.7)","$3.8","$3.1","($0.1)","$11.2","$10.5","$22.7"
"Anthony Rendon","LAA","3B","38.6","625","$4.8","$4.4","$3.0","($1.9)","$1.6","$11.9","$9.7","$22.6"
"Adalberto Mondesi","KCR","SS","25.1","576","($1.7)","($1.6)","$1.0","$15.6","($2.4)","$10.9","$10.5","$22.4"
"George Springer","TOR","OF","53.0","594","$1.8","$2.6","$4.0","($1.2)","$3.7","$10.9","$10.5","$22.3"
"Luis Robert","CHW","OF","34.5","615","($1.7)","$1.7","$2.4","$6.0","$1.9","$10.4","$10.5","$21.8"
"J.T. Realmuto","PHI","C/1B/DH","48.1","531","$0.8","$0.5","$0.0","$0.0","$0.1","$1.5","$19.2","$21.7"
"Starling Marte","OAK","OF","49.9","627","$2.8","($0.1)","$2.4","$6.0","($1.3)","$9.8","$10.5","$21.3"
"Whit Merrifield","KCR","2B/OF","40.8","659","$3.8","($0.9)","$3.0","$6.1","($2.6)","$9.5","$10.5","$21.1"
"Aaron Judge","NYY","OF","52.5","584","($0.5)","$2.7","$4.0","($1.6)","$4.9","$9.5","$10.5","$21.0"
"Vladimir Guerrero Jr.","TOR","1B/DH","45.3","623","$5.0","$3.7","$2.1","($2.0)","$1.5","$10.4","$9.5","$20.9"
"Pete Alonso","NYM","1B/DH","53.1","632","($2.6)","$5.5","$2.6","($2.2)","$6.4","$9.7","$9.5","$20.2"
"Randy Arozarena","TBR","OF/DH","59.2","576","$1.0","$0.5","$1.3","$4.3","$1.0","$8.0","$10.5","$19.5"
"Nick Castellanos","CIN","OF","78.3","647","$0.9","$2.9","$3.5","($2.1)","$2.6","$7.9","$10.5","$19.4"
"Eugenio Suarez","CIN","3B","63.5","640","($2.6)","$5.1","$2.3","($1.6)","$5.5","$8.6","$9.7","$19.3"
"Eddie Rosario","ATL","OF","107.2","580","$1.4","$3.4","$1.0","($0.9)","$2.4","$7.4","$10.5","$18.8"
"Michael Conforto","NYM","OF","73.0","631","($0.1)","$2.6","$2.8","($0.5)","$2.1","$6.8","$10.5","$18.3"
"Jose Altuve","HOU","2B","92.4","613","$3.3","($0.1)","$3.4","$0.4","($0.4)","$6.6","$10.5","$18.2"
"Alex Bregman","HOU","3B","47.3","634","$1.6","$3.1","$3.0","($1.6)","$1.3","$7.4","$9.7","$18.2"
"Javier Baez","NYM","SS","71.8","633","($0.5)","$2.6","$1.5","$1.1","$1.8","$6.6","$10.5","$18.1"
"Nolan Arenado","STL","3B","43.7","653","$1.2","$4.0","$1.8","($2.4)","$2.6","$7.3","$9.7","$18.0"
"J.D. Martinez","BOS","OF/DH","93.7","623","$1.5","$3.2","$1.3","($2.0)","$2.5","$6.5","$10.5","$18.0"
"Gleyber Torres","NYY","SS","61.6","607","$1.1","$2.1","$1.1","($0.8)","$2.7","$6.1","$10.5","$17.6"
"Yordan Alvarez","HOU","DH","79.0","524","$2.2","$3.0","$0.0","($2.4)","$3.1","$5.9","$10.5","$17.5"
"Lourdes Gurriel Jr.","TOR","OF","87.1","598","$1.9","$2.1","$0.3","($0.2)","$1.7","$5.8","$10.5","$17.2"
"Salvador Perez","KCR","C","83.6","501","($0.2)","$1.1","($3.1)","($2.1)","$1.1","($3.2)","$19.2","$17.0"
"Ketel Marte","ARI","2B","76.6","624","$4.7","$0.1","$1.1","($0.6)","($0.8)","$4.5","$10.5","$16.1"
"Dansby Swanson","ATL","SS","110.4","631","($1.0)","$0.8","$3.3","$1.4","$0.1","$4.5","$10.5","$16.0"
"Franmil Reyes","CLE","DH","157.6","601","($0.4)","$3.1","$0.3","($2.7)","$4.1","$4.4","$10.5","$16.0"
"Mike Moustakas","CIN","1B/2B","118.7","612","($1.6)","$4.0","($0.1)","($1.7)","$3.9","$4.4","$10.5","$16.0"
"Jeff McNeil","NYM","2B/3B/OF","96.7","634","$5.8","$0.3","$1.3","($1.4)","($1.6)","$4.3","$10.5","$15.9"
"Nelson Cruz","TBR","DH","92.5","534","$1.3","$2.5","($0.4)","($2.6)","$3.4","$4.2","$10.5","$15.8"
"Paul Goldschmidt","STL","1B/DH","91.4","642","$1.3","$1.4","$2.2","($1.6)","$1.9","$5.2","$9.5","$15.7"
"Anthony Rizzo","NYY","1B","106.2","640","$0.4","$2.2","$1.9","($0.6)","$1.3","$5.2","$9.5","$15.7"
"Keston Hiura","MIL","2B/DH","73.5","613","($1.9)","$1.9","$0.8","$0.9","$2.3","$4.0","$10.5","$15.6"
"Charlie Blackmon","COL","OF/DH","88.2","590","$4.4","$0.1","$1.3","($1.5)","($0.3)","$4.1","$10.5","$15.6"
"Marcus Semien","TOR","SS","124.0","643","($0.8)","$0.5","$2.9","$0.8","$0.7","$4.0","$10.5","$15.5"
"Teoscar Hernandez","TOR","OF","85.1","571","($3.0)","$1.7","$0.5","$1.0","$3.1","$3.4","$10.5","$14.8"
"Trent Grisham","SDP","OF","79.1","616","($2.1)","($0.5)","$2.6","$3.4","$0.0","$3.4","$10.5","$14.8"
"Matt Olson","OAK","1B","86.4","620","($4.0)","$4.3","$0.8","($2.4)","$5.3","$4.0","$9.5","$14.6"
"Brandon Lowe","TBR","2B/OF","71.6","577","($1.4)","$2.1","$0.9","($0.5)","$2.0","$3.0","$10.5","$14.5"
"Austin Meadows","TBR","OF/DH","77.5","580","($0.6)","$0.5","$0.6","$1.0","$1.0","$2.5","$10.5","$14.0"
"Alex Verdugo","BOS","OF","130.4","602","$4.5","($1.8)","$1.6","$0.3","($2.2)","$2.5","$10.5","$13.9"
"Cavan Biggio","TOR","2B/3B/OF","68.2","637","($3.6)","($0.2)","$3.3","$3.2","($0.4)","$2.3","$10.5","$13.8"
"Anthony Santander","BAL","OF","171.5","593","($0.1)","$2.3","($0.3)","($1.9)","$2.4","$2.3","$10.5","$13.8"
"Joey Gallo","NYY","OF","142.6","602","($7.6)","$3.1","$1.6","($0.9)","$5.7","$2.0","$10.5","$13.5"
"Giancarlo Stanton","NYY","DH","111.4","517","($1.0)","$1.8","($0.3)","($1.6)","$2.9","$1.8","$10.5","$13.3"
"Yoan Moncada","CHW","3B","83.5","642","($0.6)","$1.1","$1.8","($0.3)","$0.5","$2.5","$9.7","$13.2"
"Josh Bell","WSN","1B/DH","136.4","587","($0.2)","$2.8","$0.6","($2.6)","$1.9","$2.6","$9.5","$13.2"
"Carlos Correa","HOU","SS","121.2","604","$0.5","$2.4","$0.0","($2.2)","$0.7","$1.5","$10.5","$13.0"
"Max Muncy","LAD","1B/2B/3B","102.1","580","($3.9)","$1.9","$2.5","($1.7)","$2.6","$1.3","$10.5","$12.9"
"Mike Yastrzemski","SFG","OF","138.5","609","($1.2)","$0.5","$2.1","($0.7)","$0.6","$1.3","$10.5","$12.8"
"Eric Hosmer","SDP","1B/DH","165.1","615","$0.0","$2.6","($0.1)","($0.2)","($0.1)","$2.2","$9.5","$12.7"
"Alec Bohm","PHI","1B/3B","999.0","595","$3.2","$0.8","$0.4","($1.4)","($1.0)","$1.9","$9.7","$12.6"
"Matt Chapman","OAK","3B","115.9","592","($2.7)","$2.0","$1.8","($2.5)","$3.0","$1.7","$9.7","$12.5"
"Jorge Soler","ATL","OF/DH","141.7","585","($2.7)","$2.6","($0.2)","($2.1)","$3.4","$1.0","$10.5","$12.5"
"Tommy Pham","SDP","OF/DH","137.1","551","$0.7","($1.9)","($0.5)","$4.5","($1.8)","$0.9","$10.5","$12.4"
"Rhys Hoskins","PHI","1B","163.2","592","($3.5)","$2.4","$1.8","($1.8)","$2.9","$1.7","$9.5","$12.2"
"Willson Contreras","CHC","C/DH","120.3","488","($1.4)","($1.5)","($1.9)","($2.0)","($1.3)","($8.1)","$19.2","$12.2"
"Kris Bryant","SFG","3B","126.0","626","($0.6)","$0.3","$2.9","($2.0)","$0.8","$1.4","$9.7","$12.1"
"Byron Buxton","MIN","OF","109.9","498","($1.3)","($0.4)","($1.1)","$2.8","$0.6","$0.6","$10.5","$12.0"
"Didi Gregorius","PHI","SS","164.3","551","$0.2","$1.5","($0.6)","($0.7)","($0.2)","$0.3","$10.5","$11.8"
"Michael Brantley","HOU","OF/DH","151.0","558","$4.8","($0.3)","($0.8)","($1.0)","($2.4)","$0.3","$10.5","$11.7"
"Yasmani Grandal","CHW","C/1B/DH","131.4","519","($4.1)","($0.8)","($1.6)","($2.2)","$0.2","($8.5)","$19.2","$11.7"
"Travis d'Arnaud","ATL","C/DH","137.9","439","$0.2","($0.6)","($4.3)","($2.4)","($1.6)","($8.7)","$19.2","$11.6"
"Max Kepler","MIN","OF","197.7","590","($3.1)","$0.2","$2.3","($0.8)","$1.5","$0.0","$10.5","$11.5"
"Ramon Laureano","OAK","OF","144.5","596","($2.4)","($0.3)","$1.5","$1.4","($0.3)","($0.1)","$10.5","$11.3"
"Wil Myers","SDP","OF","130.9","552","($1.9)","$0.5","($0.6)","$1.0","$0.9","($0.1)","$10.5","$11.3"
"Victor Robles","WSN","OF","118.7","615","($2.1)","($2.0)","$1.0","$5.1","($2.3)","($0.4)","$10.5","$11.1"
"Will Smith","LAD","C","105.0","404","($1.4)","($1.4)","($3.6)","($2.3)","($0.6)","($9.3)","$19.2","$11.0"
"C.J. Cron","COL","1B","171.1","519","$0.1","$1.7","($1.5)","($2.6)","$2.6","$0.3","$9.5","$10.8"
"Miguel Sano","MIN","1B","209.6","576","($5.9)","$2.3","$1.2","($2.7)","$4.9","($0.1)","$9.5","$10.5"
"Andrew McCutchen","PHI","OF/DH","207.7","576","($1.6)","($1.1)","$1.4","$0.0","($0.1)","($1.3)","$10.5","$10.2"
"Ian Happ","CHC","OF","159.0","584","($2.8)","$0.1","$0.5","($0.6)","$1.5","($1.3)","$10.5","$10.1"
"Ke'Bryan Hayes","PIT","3B","129.0","580","$2.2","($1.0)","($0.2)","$0.0","($1.9)","($0.8)","$9.7","$9.9"
"Jesse Winker","CIN","OF/DH","208.5","528","$1.1","($1.2)","($0.1)","($2.0)","$0.3","($1.9)","$10.5","$9.5"
"Jean Segura","PHI","2B/3B","194.2","588","$2.6","($1.9)","($0.3)","$0.3","($2.9)","($2.1)","$10.5","$9.5"
"Kyle Schwarber","BOS","OF/DH","205.1","538","($3.6)","$0.6","($0.4)","($1.8)","$3.1","($2.1)","$10.5","$9.3"
"Christian Vazquez","BOS","C","151.1","464","($0.2)","($3.4)","($4.1)","($0.7)","($2.6)","($10.9)","$19.2","$9.3"
"Paul DeJong","STL","SS","250.8","611","($2.9)","$0.9","$0.5","($1.2)","$0.4","($2.2)","$10.5","$9.2"
"Shohei Ohtani","LAA","DH","154.1","456","$0.0","($1.3)","($2.6)","$2.3","($0.7)","($2.3)","$10.5","$9.2"
"Ryan Mountcastle","BAL","1B/OF","156.5","559","$2.4","$0.2","($2.3)","($2.0)","($0.6)","($2.3)","$10.5","$9.1"
"Gary Sanchez","NYY","C/DH","152.9","433","($5.3)","($1.1)","($3.8)","($2.6)","$1.7","($11.2)","$19.2","$9.1"
"Jorge Polanco","MIN","SS","259.7","589","$1.6","($1.5)","($0.3)","($0.1)","($2.5)","($2.7)","$10.5","$8.8"
"Gio Urshela","NYY","3B","172.7","547","$2.3","$0.3","($1.2)","($2.0)","($1.3)","($2.0)","$9.7","$8.8"
"Christian Walker","ARI","1B/DH","209.6","565","($1.0)","$0.5","($0.1)","($1.6)","$0.2","($1.9)","$9.5","$8.6"
"A.J. Pollock","LAD","OF/DH","202.3","494","($0.4)","($0.6)","($1.5)","($0.6)","$0.3","($2.8)","$10.5","$8.6"
"Kyle Lewis","SEA","OF","156.4","613","($3.3)","$0.1","$0.2","$0.1","$0.1","($2.8)","$10.5","$8.6"
"Mark Canha","OAK","OF/DH","265.1","585","($2.4)","($0.1)","$0.6","($0.5)","($0.4)","($2.9)","$10.5","$8.6"
"Raimel Tapia","COL","OF/DH","226.9","547","$3.4","($3.8)","($1.2)","$3.8","($5.1)","($3.0)","$10.5","$8.5"
"Dylan Carlson","STL","OF","999.0","586","($2.0)","($0.5)","($0.5)","$1.0","($1.3)","($3.3)","$10.5","$8.1"
"Nick Solak","TEX","2B/OF/DH","172.3","556","$0.6","($2.0)","($1.4)","$1.6","($2.3)","($3.4)","$10.5","$8.1"
"Dominic Smith","NYM","1B/OF/DH","130.1","506","$0.8","$0.4","($2.0)","($2.5)","($0.2)","($3.4)","$10.5","$8.0"
"Josh Donaldson","MIN","3B","191.8","547","($2.6)","($0.1)","$0.2","($2.1)","$1.7","($2.9)","$9.7","$7.9"
"Mitch Haniger","SEA","OF","223.8","543","($1.8)","($1.0)","($0.5)","($0.5)","$0.1","($3.6)","$10.5","$7.8"
"Aaron Hicks","NYY","OF","235.3","554","($3.6)","($0.8)","$0.8","$0.3","($0.4)","($3.7)","$10.5","$7.7"
"Joc Pederson","ATL","OF/DH","230.7","524","($3.1)","($0.3)","($0.3)","($1.9)","$1.8","($3.8)","$10.5","$7.7"
"Eduardo Escobar","MIL","3B","314.1","586","($0.8)","$0.6","($0.9)","($1.7)","($0.4)","($3.2)","$9.7","$7.6"
"Trey Mancini","BAL","1B/OF","156.8","525","$0.5","($0.8)","($1.5)","($2.3)","$0.2","($4.0)","$10.5","$7.5"
"Justin Turner","LAD","3B/DH","200.3","491","$3.2","($1.5)","($1.1)","($2.1)","($1.8)","($3.3)","$9.7","$7.4"
"Hunter Dozier","KCR","1B/OF","231.0","603","($2.8)","($0.8)","($0.1)","($0.2)","($0.3)","($4.1)","$10.5","$7.3"
"Nick Senzel","CIN","OF","202.3","544","($1.6)","($2.2)","($1.1)","$2.7","($2.0)","($4.2)","$10.5","$7.3"
"Luke Voit","NYY","1B/DH","87.8","460","($0.1)","($0.3)","($1.7)","($2.7)","$1.2","($3.6)","$9.5","$6.9"
"Brian Anderson","MIA","3B","284.7","605","($1.5)","$0.8","($0.9)","($1.9)","($0.4)","($3.9)","$9.7","$6.9"
"Kyle Seager","SEA","3B/DH","295.6","572","($3.5)","$1.2","($1.3)","($0.5)","$0.1","($4.0)","$9.7","$6.8"
"David Peralta","ARI","OF/DH","285.0","546","$2.1","($0.2)","($2.5)","($2.0)","($2.1)","($4.7)","$10.5","$6.7"
"James McCann","NYM","C","179.2","459","($2.4)","($3.4)","($4.1)","($1.7)","($2.0)","($13.6)","$19.2","$6.7"
"Dylan Moore","SEA","2B/OF","125.2","527","($3.7)","($3.5)","($1.6)","$5.4","($1.5)","($5.0)","$10.5","$6.6"
"Clint Frazier","NYY","OF/DH","175.4","506","($1.4)","($1.2)","($1.6)","($0.5)","($0.2)","($4.9)","$10.5","$6.5"
"Austin Riley","ATL","3B","221.6","536","($2.0)","$0.9","($1.7)","($2.5)","$1.1","($4.2)","$9.7","$6.5"
"Jonathan Schoop","DET","2B","389.4","550","($1.0)","($0.6)","($1.7)","($2.3)","$0.4","($5.2)","$10.5","$6.3"
"Andres Gimenez","CLE","2B/3B/SS","142.6","527","($0.7)","($4.0)","($1.8)","$6.3","($4.2)","($4.4)","$9.7","$6.3"
"Mitch Garver","MIN","C","208.7","368","($1.6)","($3.9)","($4.4)","($2.7)","($1.5)","($14.0)","$19.2","$6.2"
"Alex Dickerson","SFG","OF","366.0","463","$1.6","($1.6)","($2.0)","($2.4)","($1.1)","($5.4)","$10.5","$6.0"
"Bryan Reynolds","PIT","OF","330.4","574","$0.0","($1.6)","($0.6)","($1.4)","($2.0)","($5.5)","$10.5","$5.9"
"Tommy Edman","STL","2B/3B/SS/OF","129.2","568","$0.3","($2.9)","($0.3)","$1.6","($3.6)","($4.9)","$9.7","$5.9"
"Randal Grichuk","TOR","OF/DH","298.9","466","($1.3)","($1.0)","($2.2)","($2.0)","$0.7","($5.7)","$10.5","$5.8"
"Chris Taylor","LAD","2B/SS/OF/DH","233.5","523","($1.0)","($1.5)","($1.3)","$0.0","($1.9)","($5.7)","$10.5","$5.8"
"Leody Taveras","TEX","OF","205.8","545","($2.0)","($4.7)","($1.1)","$5.7","($3.5)","($5.7)","$10.5","$5.7"
"Starlin Castro","WSN","2B","454.2","538","$1.6","($1.3)","($2.4)","($2.1)","($1.8)","($6.1)","$10.5","$5.5"
"Andrew Benintendi","KCR","OF","219.1","577","($1.2)","($2.2)","($1.2)","$1.5","($2.9)","($6.1)","$10.5","$5.3"
"Nick Madrigal","CHC","2B","192.7","521","$5.2","($4.4)","($3.1)","$2.7","($6.7)","($6.3)","$10.5","$5.2"
"Carlos Santana","KCR","1B","294.7","608","($3.6)","$0.3","$0.5","($2.3)","($0.4)","($5.5)","$9.5","$5.0"
"David Fletcher","LAA","2B/3B/SS","235.9","611","$3.5","($3.9)","$0.5","($0.1)","($5.9)","($5.9)","$9.7","$4.8"
"Yuli Gurriel","HOU","1B","358.7","565","$0.5","($0.4)","($1.7)","($2.0)","($2.3)","($5.9)","$9.5","$4.6"
"Corey Dickerson","TOR","OF/DH","448.7","541","$1.0","($2.0)","($2.5)","($1.6)","($1.8)","($6.9)","$10.5","$4.6"
"Cesar Hernandez","CHW","2B","401.8","601","$1.3","($3.2)","$0.2","($1.0)","($4.3)","($7.0)","$10.5","$4.5"
"Kolten Wong","MIL","2B","244.8","574","($0.2)","($3.4)","($1.5)","$2.6","($4.6)","($7.1)","$10.5","$4.5"
"Justin Upton","LAA","OF","348.2","518","($4.4)","$0.0","($1.7)","($1.8)","$0.9","($7.1)","$10.5","$4.4"
"Elvis Andrus","OAK","SS","389.5","568","($1.4)","($3.2)","($2.0)","$3.4","($3.9)","($7.2)","$10.5","$4.3"
"Joey Votto","CIN","1B/DH","396.5","576","($1.2)","($2.2)","$0.3","($2.2)","($1.2)","($6.4)","$9.5","$4.1"
"Nick Ahmed","ARI","SS","513.7","575","($2.1)","($0.9)","($1.7)","($0.1)","($2.6)","($7.4)","$10.5","$4.1"
"Andrelton Simmons","MIN","SS","516.1","539","$2.1","($3.3)","($1.8)","$0.6","($5.0)","($7.4)","$10.5","$4.1"
"Rowdy Tellez","MIL","1B/DH","337.5","450","($0.4)","($1.1)","($3.0)","($2.4)","$0.3","($6.5)","$9.5","$4.0"
"Gavin Lux","LAD","2B","212.4","476","($0.2)","($2.7)","($2.2)","($0.1)","($2.3)","($7.6)","$10.5","$4.0"
"Tyler O'Neill","STL","OF","382.9","511","($4.8)","($1.0)","($1.9)","($0.2)","$0.1","($7.7)","$10.5","$3.7"
"Willi Castro","DET","3B/SS","232.0","542","$0.7","($2.3)","($2.2)","($0.5)","($3.5)","($7.8)","$10.5","$3.7"
"Adam Eaton","LAA","OF","415.5","545","($0.6)","($4.0)","($0.7)","$0.9","($3.5)","($7.8)","$10.5","$3.6"
"Brandon Belt","SFG","1B","491.7","535","($0.9)","($1.3)","($1.6)","($2.0)","($1.1)","($6.9)","$9.5","$3.6"
"Ryan McMahon","COL","1B/2B/3B","233.1","518","($2.6)","($0.7)","($2.6)","($1.8)","($0.5)","($8.1)","$10.5","$3.5"
"Brandon Nimmo","NYM","OF","264.0","543","($1.8)","($3.6)","$0.3","($1.0)","($2.0)","($8.1)","$10.5","$3.4"
"Jarred Kelenic","SEA","OF","999.0","469","($1.5)","($3.4)","($3.6)","$2.1","($1.9)","($8.3)","$10.5","$3.2"
"Sean Murphy","OAK","C","176.9","384","($2.3)","($4.9)","($4.9)","($2.5)","($2.4)","($17.1)","$19.2","$3.2"
"Miguel Rojas","MIA","SS","522.1","549","$1.5","($3.2)","($3.1)","$1.3","($4.9)","($8.4)","$10.5","$3.1"
"Colin Moran","PIT","1B/DH","541.8","545","($0.5)","($0.4)","($2.7)","($2.6)","($1.3)","($7.5)","$9.5","$3.0"
"J.P. Crawford","SEA","SS","528.4","587","($2.6)","($3.1)","($0.5)","$2.1","($4.5)","($8.5)","$10.5","$3.0"
"Hunter Renfroe","BOS","OF","445.1","455","($4.1)","($1.2)","($3.2)","($1.1)","$1.2","($8.5)","$10.5","$3.0"
"Kole Calhoun","ARI","OF/DH","414.8","494","($3.8)","($1.7)","($1.4)","($1.7)","$0.0","($8.5)","$10.5","$2.9"
"Victor Reyes","DET","OF","337.5","486","$1.5","($5.5)","($2.8)","$3.3","($5.1)","($8.6)","$10.5","$2.8"
"Carson Kelly","ARI","C","264.0","420","($2.6)","($3.9)","($6.0)","($2.7)","($2.3)","($17.5)","$19.2","$2.7"
"Jeimer Candelario","DET","1B/3B","285.1","569","($2.3)","($1.2)","($1.5)","($1.7)","($1.4)","($8.1)","$9.7","$2.6"
"Jared Walsh","LAA","1B","241.4","463","($1.3)","($1.2)","($2.8)","($2.6)","($0.2)","($8.1)","$9.5","$2.5"
"Willy Adames","MIL","SS","429.8","540","($1.9)","($2.6)","($2.0)","($0.8)","($1.8)","($9.1)","$10.5","$2.4"
"Jason Heyward","CHC","OF","536.0","533","($1.1)","($2.4)","($2.1)","($0.8)","($2.6)","($9.1)","$10.5","$2.4"
"Jackie Bradley Jr.","MIL","OF","426.2","522","($3.7)","($2.7)","($2.0)","$0.8","($1.4)","($9.1)","$10.5","$2.4"
"Ty France","SEA","1B/2B/3B/DH","252.9","511","($0.5)","($1.5)","($2.9)","($2.3)","($1.9)","($9.2)","$10.5","$2.3"
"Jake Cronenworth","SDP","1B/2B/SS","217.6","505","$0.9","($3.7)","($2.4)","$0.7","($4.7)","($9.2)","$10.5","$2.3"
"Lorenzo Cain","MIL","OF","298.1","515","$1.2","($5.3)","($1.9)","$1.2","($4.6)","($9.4)","$10.5","$2.1"
"Bobby Dalbec","BOS","1B","260.4","497","($4.2)","($0.8)","($2.7)","($2.0)","$1.2","($8.5)","$9.5","$2.0"
"Manuel Margot","TBR","OF","246.6","450","($1.1)","($5.3)","($3.8)","$5.2","($4.5)","($9.5)","$10.5","$1.9"
"Stephen Piscotty","OAK","OF","549.7","520","($2.7)","($1.5)","($3.2)","($0.7)","($1.7)","($9.8)","$10.5","$1.6"
"Jesus Aguilar","MIA","1B/DH","431.6","499","($1.6)","($0.7)","($3.0)","($2.7)","($1.0)","($9.0)","$9.5","$1.5"
"Austin Hays","BAL","OF","250.6","466","($0.7)","($4.2)","($2.8)","($0.3)","($2.1)","($10.0)","$10.5","$1.4"
"Tommy La Stella","SFG","1B/2B/3B/DH","393.6","483","$2.0","($3.5)","($2.6)","($2.2)","($3.9)","($10.3)","$10.5","$1.3"
"Josh Naylor","CLE","1B/OF/DH","506.3","479","$0.9","($3.3)","($3.2)","($1.6)","($3.1)","($10.4)","$10.5","$1.1"
"Amed Rosario","CLE","SS","434.0","453","$1.7","($4.4)","($3.9)","$0.5","($4.2)","($10.4)","$10.5","$1.1"
"Adam Duvall","ATL","OF","375.3","468","($4.6)","($1.1)","($3.5)","($2.4)","$1.1","($10.4)","$10.5","$1.0"
"Nate Lowe","TEX","1B","470.3","449","($0.5)","($2.5)","($3.4)","($1.8)","($1.3)","($9.5)","$9.5","$1.0"
"Maikel Franco","BAL","3B/DH","440.9","491","($1.2)","($1.1)","($4.6)","($2.3)","($0.5)","($9.7)","$9.7","$1.0"
"Robbie Grossman","DET","OF","438.5","506","($1.7)","($4.1)","($2.6)","$1.6","($3.7)","($10.5)","$10.5","$1.0"
"Mauricio Dubon","SFG","2B/SS/OF","294.9","476","$0.6","($4.4)","($4.0)","$0.8","($3.5)","($10.5)","$10.5","$1.0"
"Luis Arraez","MIN","2B","507.7","463","$6.5","($5.3)","($3.4)","($1.8)","($6.6)","($10.5)","$10.5","$1.0"
"Wilson Ramos","CLE","C","258.7","349","$0.9","($5.4)","($7.9)","($2.7)","($4.2)","($19.2)","$19.2","$1.0"
"Yan Gomes","OAK","C","307.1","381","($2.0)","($5.0)","($6.7)","($2.2)","($3.4)","($19.3)","$19.2","$0.9"
"Alejandro Kirk","TOR","C","285.1","327","$0.9","($5.9)","($7.1)","($2.3)","($5.0)","($19.4)","$19.2","$0.9"
"Jose Iglesias","LAA","SS/DH","541.1","517","$2.2","($2.8)","($3.6)","($1.3)","($5.1)","($10.7)","$10.5","$0.8"
"Adam Frazier","SDP","2B/OF","523.2","555","($0.2)","($3.7)","($1.8)","($1.2)","($3.9)","($10.8)","$10.5","$0.8"
"Isiah Kiner-Falefa","TEX","3B/SS","305.5","571","($0.5)","($5.1)","($2.0)","$2.3","($5.5)","($10.8)","$10.5","$0.7"
"Buster Posey","SFG","C","249.9","420","$0.2","($5.5)","($6.1)","($2.6)","($5.6)","($19.6)","$19.2","$0.6"
"Austin Nola","SDP","C","202.3","351","($1.0)","($5.4)","($6.8)","($2.4)","($4.3)","($20.0)","$19.2","$0.3"
"Jurickson Profar","SDP","2B/OF","340.4","446","($1.7)","($3.5)","($3.9)","$0.7","($3.0)","($11.5)","$10.5","$0.1"
"Miguel Cabrera","DET","DH","554.2","498","($0.3)","($1.9)","($4.4)","($2.5)","($2.5)","($11.5)","$10.5","$0.1"
"Jorge Alfaro","MIA","C","259.2","371","($2.6)","($5.3)","($7.3)","($1.3)","($3.9)","($20.3)","$19.2","($0.1)"
"Danny Jansen","TOR","C","364.6","348","($2.5)","($5.5)","($6.5)","($2.5)","($3.2)","($20.3)","$19.2","($0.1)"
"Myles Straw","CLE","OF","261.3","454","($1.0)","($6.8)","($3.9)","$7.2","($7.1)","($11.6)","$10.5","($0.1)"
"Evan White","SEA","1B","517.5","536","($4.7)","($1.1)","($2.7)","($1.8)","($0.6)","($10.9)","$9.5","($0.4)"
"Yadier Molina","STL","C","267.6","366","($0.6)","($5.5)","($7.5)","($2.2)","($4.9)","($20.7)","$19.2","($0.5)"
"Donovan Solano","SFG","2B/3B","541.0","507","$3.2","($3.3)","($4.2)","($2.4)","($5.4)","($12.0)","$10.5","($0.5)"
"Jon Berti","MIA","2B/3B/OF","311.0","413","($1.3)","($6.7)","($4.2)","$5.6","($5.4)","($12.0)","$10.5","($0.5)"
"Andrew Vaughn","CHW","OF","999.0","552","($3.1)","($1.4)","($2.7)","($2.3)","($2.7)","($12.1)","$10.5","($0.7)"
"J.D. Davis","NYM","3B/OF/DH","281.8","458","$0.0","($3.5)","($3.8)","($2.2)","($2.0)","($11.5)","$9.7","($0.7)"
"Enrique Hernandez","BOS","2B/OF","377.1","449","($2.3)","($2.8)","($3.4)","($1.8)","($2.0)","($12.3)","$10.5","($0.8)"
"Kevin Kiermaier","TBR","OF","540.8","460","($4.1)","($4.1)","($4.0)","$3.6","($3.9)","($12.4)","$10.5","($1.0)"
"Harrison Bader","STL","OF","550.8","447","($3.9)","($4.9)","($2.7)","$1.7","($2.7)","($12.6)","$10.5","($1.1)"
"Alex Kirilloff","MIN","1B/OF","300.9","415","$1.4","($4.4)","($5.1)","($0.9)","($3.7)","($12.7)","$10.5","($1.2)"
"Tom Murphy","SEA","C","345.6","359","($4.0)","($5.3)","($7.4)","($2.2)","($2.6)","($21.6)","$19.2","($1.4)"
"Evan Longoria","SFG","3B","541.9","482","($1.7)","($2.1)","($4.0)","($2.2)","($2.2)","($12.1)","$9.7","($1.4)"
"Willie Calhoun","TEX","OF/DH","497.5","473","($1.8)","($2.5)","($4.7)","($2.5)","($1.6)","($13.0)","$10.5","($1.5)"
"Sam Hilliard","COL","OF","328.8","426","($3.5)","($4.5)","($4.5)","$1.0","($1.6)","($13.1)","$10.5","($1.6)"
"Daulton Varsho","ARI","C/OF/DH","293.9","261","($1.1)","($8.0)","($7.6)","($0.1)","($5.2)","($21.9)","$19.2","($1.7)"
"Pedro Severino","BAL","C/DH","395.0","355","($2.3)","($6.0)","($7.5)","($2.1)","($4.0)","($21.9)","$19.2","($1.7)"
"JaCoby Jones","DET","OF","542.7","487","($3.9)","($4.2)","($2.9)","$0.2","($2.3)","($13.1)","$10.5","($1.7)"
"Joey Wendle","TBR","2B/3B/SS","383.5","446","($0.1)","($5.5)","($4.4)","$2.4","($5.5)","($13.2)","$10.5","($1.7)"
"Avisail Garcia","MIL","OF","413.4","436","($0.4)","($3.9)","($5.0)","($1.2)","($2.9)","($13.4)","$10.5","($1.9)"
"Garrett Hampson","COL","2B/SS/OF","237.8","421","($1.0)","($6.7)","($4.7)","$3.2","($4.4)","($13.6)","$10.5","($2.1)"
"Franchy Cordero","BOS","OF","466.3","395","($2.3)","($4.3)","($4.5)","$0.2","($2.7)","($13.6)","$10.5","($2.2)"
"Cristian Pache","ATL","OF","999.0","504","($1.2)","($3.8)","($3.7)","($0.8)","($4.2)","($13.7)","$10.5","($2.3)"
"Jonathan India","CIN","2B","999.0","461","($2.6)","($4.4)","($3.4)","($0.4)","($3.4)","($14.1)","$10.5","($2.6)"
"Omar Narvaez","MIL","C","328.9","350","($1.7)","($6.6)","($7.6)","($2.7)","($4.3)","($22.9)","$19.2","($2.6)"
"Yandy Diaz","TBR","3B/DH","547.0","449","$1.4","($5.2)","($3.6)","($2.3)","($3.7)","($13.4)","$9.7","($2.7)"
"Tucker Barnhart","CIN","C","549.8","379","($3.3)","($5.8)","($7.3)","($2.5)","($4.1)","($23.1)","$19.2","($2.9)"
"Kevin Newman","PIT","2B/SS","517.9","508","$0.8","($5.2)","($4.5)","$0.3","($5.8)","($14.4)","$10.5","($2.9)"
"Brandon Crawford","SFG","SS","573.0","509","($3.0)","($2.7)","($3.7)","($1.7)","($3.3)","($14.4)","$10.5","($2.9)"
"Jacob Stallings","PIT","C","497.0","375","($1.8)","($6.1)","($7.5)","($2.6)","($5.2)","($23.2)","$19.2","($3.0)"
"Freddy Galvis","PHI","2B/SS","546.3","493","($3.1)","($3.7)","($4.4)","($1.3)","($2.3)","($14.7)","$10.5","($3.2)"
"Elias Diaz","COL","C","377.5","327","($0.1)","($6.8)","($8.4)","($2.6)","($5.7)","($23.6)","$19.2","($3.4)"
"Kurt Suzuki","LAA","C","514.0","267","($0.7)","($6.8)","($8.8)","($2.5)","($5.0)","($23.7)","$19.2","($3.4)"
"Nomar Mazara","","OF","550.6","429","($1.3)","($3.6)","($4.8)","($2.3)","($3.0)","($15.0)","$10.5","($3.5)"
"Gregory Polanco","PIT","OF/DH","417.0","454","($5.6)","($2.8)","($4.9)","$0.1","($1.8)","($15.1)","$10.5","($3.6)"
"Ryan Jeffers","MIN","C","425.9","270","($0.6)","($7.4)","($8.9)","($2.7)","($4.5)","($24.1)","$19.2","($3.8)"
"Jazz Chisholm","MIA","2B/SS","999.0","467","($6.9)","($4.0)","($4.0)","$2.0","($2.5)","($15.5)","$10.5","($4.0)"
"David Dahl","","OF","335.1","424","($2.1)","($4.3)","($4.8)","($1.1)","($3.2)","($15.5)","$10.5","($4.1)"
"Ha-seong Kim","SDP","3B/SS","999.0","361","($0.3)","($5.5)","($6.0)","$0.4","($4.4)","($15.7)","$10.5","($4.2)"
"Jonathan Villar","NYM","2B/SS/DH","243.5","364","($2.0)","($7.2)","($6.0)","$4.4","($4.9)","($15.8)","$10.5","($4.3)"
"Mitch Moreland","OAK","1B","542.4","400","($2.9)","($2.8)","($5.0)","($2.6)","($1.5)","($14.9)","$9.5","($4.3)"
"Martin Maldonado","HOU","C","549.1","357","($4.8)","($6.2)","($7.0)","($2.4)","($4.3)","($24.7)","$19.2","($4.5)"
"Orlando Arcia","ATL","SS","576.2","457","($1.8)","($4.3)","($5.6)","($0.6)","($3.8)","($16.2)","$10.5","($4.7)"
"Josh Rojas","ARI","2B/DH","441.5","404","($1.6)","($6.0)","($4.8)","$1.3","($5.1)","($16.2)","$10.5","($4.7)"
"Max Stassi","LAA","C","424.3","316","($3.4)","($6.6)","($8.3)","($2.7)","($4.1)","($25.0)","$19.2","($4.8)"
"Luis Urias","MIL","2B/3B/SS","492.4","475","($1.6)","($4.7)","($4.4)","($0.9)","($4.8)","($16.4)","$10.5","($4.9)"
"Niko Goodrum","DET","2B/SS","544.1","426","($4.0)","($5.2)","($5.3)","$1.8","($3.8)","($16.4)","$10.5","($4.9)"
"Victor Caratini","SDP","C/DH","530.1","288","($1.2)","($7.2)","($8.9)","($2.6)","($5.6)","($25.5)","$19.2","($5.3)"
"Jose Trevino","TEX","C","553.1","335","($2.5)","($7.1)","($8.2)","($2.5)","($5.4)","($25.7)","$19.2","($5.5)"
"Wilmer Flores","SFG","1B/2B/DH","484.7","324","$1.3","($5.4)","($7.1)","($2.4)","($3.5)","($17.1)","$10.5","($5.5)"
"Garrett Cooper","MIA","1B/DH","550.2","358","$0.5","($5.0)","($5.9)","($2.7)","($3.6)","($16.7)","$9.5","($6.2)"
"Mike Zunino","TBR","C","571.2","328","($6.9)","($6.0)","($8.1)","($2.7)","($2.9)","($26.6)","$19.2","($6.3)"
"Luis Torrens","SEA","C","562.7","303","($1.3)","($7.6)","($9.0)","($2.6)","($6.0)","($26.6)","$19.2","($6.4)"
"Tyler Stephenson","CIN","C/DH","512.4","240","($0.8)","($8.2)","($9.3)","($2.7)","($5.6)","($26.6)","$19.2","($6.4)"
"Leury Garcia","CHW","2B/SS","590.1","381","$0.3","($7.0)","($5.7)","($0.5)","($5.4)","($18.2)","$10.5","($6.7)"
"Kyle Higashioka","NYY","C","565.6","205","($2.3)","($7.8)","($10.0)","($2.7)","($4.2)","($27.0)","$19.2","($6.7)"
"David Bote","CHC","2B/3B","542.2","369","($3.0)","($4.3)","($6.2)","($1.2)","($3.6)","($18.3)","$10.5","($6.8)"
"Tim Locastro","NYY","OF","540.7","304","($0.4)","($8.3)","($6.1)","$2.6","($6.2)","($18.4)","$10.5","($6.9)"
"Kevin Pillar","NYM","OF","547.0","338","($1.0)","($6.2)","($6.5)","($0.3)","($4.6)","($18.5)","$10.5","($7.0)"
"Austin Barnes","LAD","C","560.9","246","($2.5)","($8.7)","($8.7)","($1.3)","($6.1)","($27.3)","$19.2","($7.1)"
"Roberto Perez","CLE","C","535.4","371","($5.9)","($6.5)","($7.9)","($2.7)","($4.2)","($27.3)","$19.2","($7.1)"
"Wander Franco","TBR","SS","282.2","323","$0.8","($6.7)","($7.0)","($0.4)","($5.3)","($18.6)","$10.5","($7.1)"
"Ji-Man Choi","TBR","1B","582.6","390","($2.0)","($4.5)","($5.7)","($2.3)","($3.2)","($17.7)","$9.5","($7.2)"
"Yoshi Tsutsugo","LAD","3B/OF/DH","563.1","369","($3.1)","($4.6)","($5.4)","($2.6)","($2.3)","($18.0)","$9.7","($7.2)"
"Joshua Fuentes","COL","1B/3B","547.8","367","($0.2)","($5.0)","($6.4)","($1.9)","($4.7)","($18.2)","$9.7","($7.4)"
"Francisco Mejia","TBR","C","505.6","238","($1.7)","($8.6)","($9.5)","($2.6)","($5.4)","($27.7)","$19.2","($7.4)"
"Aledmys Diaz","HOU","2B","599.6","333","($0.8)","($5.7)","($6.4)","($2.2)","($3.9)","($19.0)","$10.5","($7.4)"
"Marwin Gonzalez","BOS","1B/2B/3B/OF","522.0","396","($1.5)","($4.9)","($6.3)","($2.4)","($3.9)","($19.0)","$10.5","($7.5)"
"Chance Sisco","NYM","C/DH","571.1","261","($2.9)","($8.4)","($8.9)","($2.7)","($4.9)","($27.8)","$19.2","($7.6)"
"Asdrubal Cabrera","ARI","1B/3B/DH","552.7","359","($1.2)","($4.5)","($6.5)","($2.4)","($3.8)","($18.4)","$9.7","($7.7)"
"Jason Castro","HOU","C","577.7","263","($3.8)","($8.0)","($8.8)","($2.7)","($4.8)","($28.0)","$19.2","($7.8)"
"Dexter Fowler","LAA","OF","593.4","389","($4.0)","($5.1)","($5.2)","($1.2)","($3.8)","($19.3)","$10.5","($7.8)"
"Austin Slater","SFG","OF/DH","532.7","295","($0.6)","($7.9)","($7.3)","$1.5","($5.0)","($19.3)","$10.5","($7.8)"
"Brendan Rodgers","COL","2B","477.9","355","($0.8)","($5.7)","($6.8)","($1.6)","($4.5)","($19.4)","$10.5","($7.8)"
"Andrew Knizner","STL","C","577.8","209","($0.3)","($9.0)","($10.3)","($2.5)","($6.1)","($28.1)","$19.2","($7.9)"
"Dom Nunez","COL","C","580.3","219","($2.7)","($8.8)","($9.9)","($2.0)","($5.1)","($28.6)","$19.2","($8.3)"
"Rougned Odor","NYY","2B","553.2","314","($4.7)","($4.4)","($7.0)","($1.5)","($2.3)","($20.0)","$10.5","($8.4)"
"Nico Hoerner","CHC","2B/3B/SS","522.9","341","($0.1)","($6.8)","($6.5)","($0.1)","($6.4)","($20.0)","$10.5","($8.5)"
"Kevin Plawecki","BOS","C","595.1","202","($0.7)","($8.8)","($10.4)","($2.4)","($6.6)","($28.9)","$19.2","($8.6)"
"Shogo Akiyama","CIN","OF","571.8","327","$0.2","($8.0)","($6.9)","$0.2","($5.8)","($20.3)","$10.5","($8.8)"
"Khris Davis","OAK","DH","570.6","309","($2.7)","($5.2)","($7.2)","($2.8)","($2.5)","($20.5)","$10.5","($8.9)"
"Cedric Mullins II","BAL","OF","476.3","355","($2.3)","($7.8)","($6.5)","$1.7","($5.6)","($20.5)","$10.5","($9.1)"
"Hanser Alberto","KCR","2B/3B","585.0","333","$1.8","($7.4)","($7.3)","($1.6)","($6.2)","($20.7)","$10.5","($9.2)"
"D.J. Stewart","BAL","OF","586.5","334","($3.0)","($6.0)","($6.7)","($1.7)","($3.4)","($20.8)","$10.5","($9.3)"
"Josh Reddick","","OF/DH","600.0","346","($0.5)","($6.3)","($7.2)","($1.9)","($4.9)","($20.8)","$10.5","($9.3)"
"Chad Pinder","OAK","2B/3B","581.0","328","($1.7)","($6.2)","($6.9)","($2.5)","($3.9)","($21.1)","$10.5","($9.6)"
"Matt Carpenter","STL","1B/3B/DH","593.3","367","($3.7)","($5.5)","($5.2)","($2.2)","($3.7)","($20.4)","$9.7","($9.6)"
"Austin Romine","CHC","C","595.3","192","($1.3)","($8.9)","($10.7)","($2.7)","($6.3)","($30.0)","$19.2","($9.8)"
"Manny Pina","MIL","C","599.1","190","($1.2)","($9.3)","($10.9)","($2.7)","($5.9)","($30.0)","$19.2","($9.8)"
"Scott Kingery","PHI","2B/OF","486.3","333","($2.6)","($7.1)","($6.9)","($0.8)","($4.1)","($21.4)","$10.5","($9.8)"
"Austin Hedges","CLE","C","599.8","208","($3.2)","($8.9)","($10.6)","($2.1)","($5.3)","($30.1)","$19.2","($9.9)"
"Anthony Alford","PIT","OF","580.0","322","($3.5)","($7.7)","($7.7)","$2.8","($5.4)","($21.4)","$10.5","($10.0)"
"Jake Bauers","SEA","1B/OF","587.0","350","($3.2)","($6.3)","($6.7)","($0.9)","($4.4)","($21.5)","$10.5","($10.0)"
"Rio Ruiz","COL","3B","586.1","376","($2.9)","($5.1)","($6.7)","($2.3)","($3.8)","($20.8)","$9.7","($10.1)"
"Brett Gardner","NYY","OF","573.0","303","($2.1)","($7.3)","($6.7)","($0.9)","($4.5)","($21.6)","$10.5","($10.1)"
"Mike Brosseau","TBR","1B/2B/3B","524.8","263","($0.1)","($7.2)","($8.3)","($1.6)","($4.5)","($21.7)","$10.5","($10.2)"
"Stephen Vogt","ATL","C","599.5","180","($1.6)","($9.4)","($11.0)","($2.5)","($6.0)","($30.5)","$19.2","($10.2)"
"Jonah Heim","TEX","C","593.1","181","($0.9)","($9.5)","($10.9)","($2.7)","($6.7)","($30.6)","$19.2","($10.4)"
"Curt Casali","SFG","C","597.1","181","($1.5)","($9.7)","($11.0)","($2.5)","($6.1)","($30.7)","$19.2","($10.5)"
"Julio Rodriguez","STL","C","999.0","113","$0.1","($10.2)","($11.5)","($2.2)","($7.0)","($30.9)","$19.2","($10.6)"
"Alex Avila","WSN","C","599.6","217","($3.1)","($9.2)","($10.3)","($2.7)","($5.6)","($30.9)","$19.2","($10.7)"
"Yasiel Puig","","OF","527.7","215","($0.1)","($7.8)","($9.1)","($0.8)","($4.7)","($22.4)","$10.5","($10.9)"
"Michael A. Taylor","KCR","OF","555.6","321","($3.1)","($6.9)","($7.5)","($0.2)","($4.7)","($22.4)","$10.5","($11.0)"
"Tomas Nido","NYM","C","600.8","195","($2.3)","($9.2)","($10.9)","($2.7)","($6.2)","($31.3)","$19.2","($11.0)"
"Brad Miller","PHI","3B/DH","597.8","266","($2.1)","($6.6)","($7.5)","($2.2)","($3.6)","($22.0)","$9.7","($11.2)"
"Carter Kieboom","WSN","3B","527.6","362","($1.8)","($6.3)","($6.2)","($2.1)","($5.5)","($22.0)","$9.7","($11.3)"
"Luis Garcia","WSN","2B","588.9","304","$0.6","($7.9)","($7.8)","($1.4)","($6.2)","($22.8)","$10.5","($11.3)"
"Taylor Trammell","SEA","OF","499.5","351","($3.5)","($7.7)","($7.2)","$1.0","($5.6)","($22.9)","$10.5","($11.4)"
"Adam Haseley","PHI","OF","592.6","315","($0.2)","($7.0)","($7.8)","($1.9)","($5.9)","($22.9)","$10.5","($11.4)"
"Albert Pujols","LAD","1B/DH","579.6","335","($2.9)","($4.9)","($7.8)","($2.6)","($3.8)","($22.0)","$9.5","($11.5)"
"Roman Quinn","PHI","OF","564.9","251","($2.6)","($9.4)","($8.6)","$3.9","($6.3)","($23.0)","$10.5","($11.6)"
"Andrew Knapp","PHI","C","593.2","172","($1.5)","($10.0)","($11.0)","($2.7)","($6.7)","($31.9)","$19.2","($11.7)"
"Oscar Mercado","CLE","OF","515.7","265","($1.2)","($8.7)","($8.3)","$0.7","($5.7)","($23.1)","$10.5","($11.7)"
"Joey Bart","SFG","C","533.3","145","($0.9)","($10.5)","($11.2)","($2.6)","($6.7)","($31.9)","$19.2","($11.7)"
"Michael Chavis","PIT","1B/2B/OF","540.3","265","($2.0)","($7.0)","($8.4)","($1.6)","($4.2)","($23.3)","$10.5","($11.7)"
"Michael Perez","PIT","C","600.8","190","($2.3)","($9.3)","($11.1)","($2.7)","($6.6)","($32.0)","$19.2","($11.8)"
"Jo Adell","LAA","OF","465.0","329","($2.8)","($7.1)","($7.3)","($1.6)","($4.4)","($23.3)","$10.5","($11.8)"
"Aramis Garcia","OAK","C","600.1","181","($2.8)","($9.6)","($10.9)","($2.7)","($6.0)","($32.1)","$19.2","($11.8)"
"Jake Cave","MIN","OF","599.1","283","($1.6)","($7.2)","($7.6)","($2.3)","($4.7)","($23.3)","$10.5","($11.9)"
"Travis Shaw","MIL","1B/3B","564.8","326","($3.1)","($6.1)","($7.7)","($2.5)","($3.4)","($22.8)","$9.7","($12.0)"
"Willians Astudillo","MIN","C","580.7","102","$0.4","($10.9)","($12.2)","($2.7)","($6.9)","($32.3)","$19.2","($12.0)"
"Adam Engel","CHW","OF","593.8","313","($2.3)","($7.6)","($7.7)","($0.7)","($5.3)","($23.5)","$10.5","($12.1)"
"Josh Harrison","OAK","2B/3B/OF/DH","589.8","314","($1.2)","($7.7)","($7.9)","($1.5)","($5.5)","($23.8)","$10.5","($12.2)"
"Adley Rutschman","BAL","C","526.4","119","($0.8)","($10.3)","($11.9)","($2.6)","($6.9)","($32.5)","$19.2","($12.3)"
"Chad Wallach","LAA","C","600.3","234","($3.9)","($9.4)","($10.4)","($2.6)","($6.2)","($32.5)","$19.2","($12.3)"
"Grayson Greiner","DET","C","599.8","178","($2.7)","($9.9)","($11.1)","($2.7)","($6.3)","($32.6)","$19.2","($12.4)"
"Cam Gallagher","KCR","C","598.7","157","($1.1)","($10.4)","($11.4)","($2.7)","($7.1)","($32.8)","$19.2","($12.5)"
"Edwin Rios","LAD","1B/3B","519.0","234","($1.7)","($6.7)","($8.6)","($2.6)","($3.8)","($23.4)","$9.7","($12.7)"
"Edwin Encarnacion","","DH","596.5","252","($3.2)","($6.6)","($8.2)","($2.8)","($3.6)","($24.3)","$10.5","($12.8)"
"Ender Inciarte","CIN","OF","598.9","284","($1.6)","($8.6)","($7.9)","$0.3","($6.6)","($24.3)","$10.5","($12.9)"
"Zack Collins","CHW","DH","591.6","313","($4.0)","($6.3)","($7.8)","($2.4)","($4.0)","($24.4)","$10.5","($12.9)"
"Tony Wolters","","C","600.8","191","($1.7)","($10.3)","($11.1)","($2.7)","($7.4)","($33.2)","$19.2","($12.9)"
"Andrew Stevenson","WSN","OF","580.6","249","($0.4)","($8.6)","($8.6)","($0.4)","($6.5)","($24.6)","$10.5","($13.1)"
"Tony Kemp","OAK","2B","599.6","291","($1.4)","($9.0)","($7.8)","($0.2)","($6.5)","($24.9)","$10.5","($13.3)"
"Renato Nunez","DET","1B/DH","529.8","246","($1.3)","($7.0)","($8.8)","($2.8)","($4.0)","($23.9)","$9.5","($13.3)"
"Jay Bruce","","OF/DH","569.8","220","($2.1)","($7.3)","($9.3)","($2.4)","($3.7)","($24.8)","$10.5","($13.3)"
"Daniel Vogelbach","MIL","DH","598.7","250","($2.4)","($7.4)","($8.6)","($2.8)","($3.8)","($24.9)","$10.5","($13.4)"
"Jacob Nottingham","SEA","C","600.5","119","($2.0)","($10.7)","($12.1)","($2.5)","($6.7)","($34.0)","$19.2","($13.8)"
"Alex Jackson","MIA","C","599.8","92","($1.4)","($10.9)","($12.4)","($2.7)","($6.5)","($34.1)","$19.2","($13.8)"
"Tyler Flowers","","C","600.8","108","($1.3)","($11.1)","($12.1)","($2.8)","($6.8)","($34.1)","$19.2","($13.8)"
"Jake Marisnick","SDP","OF","600.5","230","($2.0)","($8.5)","($8.6)","($1.1)","($5.2)","($25.4)","$10.5","($13.9)"
"Jordan Luplow","TBR","OF","600.9","223","($1.1)","($8.3)","($9.0)","($2.1)","($4.9)","($25.4)","$10.5","($13.9)"
"Jared Oliva","PIT","OF","999.0","243","($1.3)","($9.6)","($9.5)","$1.5","($6.9)","($25.7)","$10.5","($14.2)"
"Jonathan Lucroy","","C","600.4","92","($0.8)","($11.3)","($12.5)","($2.8)","($7.3)","($34.7)","$19.2","($14.5)"
"Reese McGuire","TOR","C","601.0","96","($1.0)","($11.5)","($12.5)","($2.7)","($7.1)","($34.8)","$19.2","($14.5)"
"Jarrod Dyson","KCR","OF","600.7","232","($2.3)","($10.3)","($9.0)","$2.8","($7.1)","($26.0)","$10.5","($14.5)"
"Samuel Huff","TEX","C","999.0","77","($0.7)","($11.6)","($12.8)","($2.6)","($7.0)","($34.8)","$19.2","($14.6)"
"Ramon Urias","BAL","SS","600.3","265","($1.4)","($8.2)","($8.8)","($2.0)","($5.6)","($26.1)","$10.5","($14.6)"
"Ian Desmond","COL","SS/OF","601.0","200","($1.2)","($8.7)","($9.4)","($1.7)","($5.3)","($26.2)","$10.5","($14.7)"
"Matt Wieters","","C","999.0","83","($1.0)","($11.4)","($12.8)","($2.7)","($7.0)","($34.9)","$19.2","($14.7)"
"Dustin Fowler","","OF","600.6","229","($1.2)","($8.7)","($9.4)","($1.1)","($5.9)","($26.2)","$10.5","($14.8)"
"Aristides Aquino","CIN","OF","591.0","174","($1.4)","($8.6)","($10.0)","($1.8)","($4.7)","($26.4)","$10.5","($15.0)"
"Christian Arroyo","BOS","2B","600.7","208","($0.4)","($8.6)","($9.7)","($2.3)","($5.6)","($26.7)","$10.5","($15.2)"
"Ben Gamel","PIT","OF","999.0","252","($0.8)","($8.9)","($8.7)","($2.1)","($6.4)","($26.8)","$10.5","($15.4)"
"Bobby Bradley","CLE","1B","592.4","230","($2.4)","($7.6)","($9.4)","($2.7)","($3.9)","($25.9)","$9.5","($15.4)"
"William Contreras","ATL","C","596.5","68","($0.4)","($11.9)","($13.0)","($2.7)","($7.6)","($35.7)","$19.2","($15.4)"
"Jake Rogers","DET","C","600.6","78","($1.3)","($11.8)","($12.9)","($2.6)","($7.1)","($35.7)","$19.2","($15.5)"
"Welington Castillo","WSN","C","999.0","55","($0.5)","($11.9)","($13.4)","($2.8)","($7.2)","($35.8)","$19.2","($15.5)"
"Jarren Duran","BOS","OF","999.0","185","($0.1)","($10.5)","($10.1)","$0.9","($7.3)","($27.0)","$10.5","($15.6)"
"Edward Olivares","KCR","OF","593.4","209","($0.8)","($9.2)","($9.9)","($1.0)","($6.2)","($27.1)","$10.5","($15.6)"
"Tyler Wade","NYY","2B/SS","599.8","219","($2.0)","($9.6)","($8.9)","($0.1)","($6.5)","($27.1)","$10.5","($15.6)"
"Miguel Andujar","NYY","3B/OF/DH","584.2","197","$0.2","($8.6)","($9.9)","($2.6)","($5.5)","($26.4)","$9.7","($15.7)"
"Shed Long Jr.","SEA","2B","599.8","229","($1.9)","($9.2)","($9.4)","($0.8)","($5.9)","($27.3)","$10.5","($15.7)"
"Ronald Guzman","TEX","1B","579.8","249","($1.9)","($8.1)","($9.0)","($2.2)","($5.0)","($26.3)","$9.5","($15.7)"
"Lewis Brinson","MIA","OF","596.9","251","($3.2)","($8.4)","($9.3)","($0.6)","($5.8)","($27.3)","$10.5","($15.9)"
"Phillip Evans","PIT","3B","600.9","280","($1.6)","($8.1)","($8.8)","($2.4)","($5.8)","($26.7)","$9.7","($15.9)"
"Brock Holt","TEX","3B/OF","600.1","309","($1.8)","($8.3)","($8.1)","($1.9)","($6.6)","($26.7)","$9.7","($16.0)"
"Brent Rooker","MIN","OF","594.2","189","($1.3)","($8.6)","($9.8)","($2.4)","($5.4)","($27.5)","$10.5","($16.0)"
"Pavin Smith","ARI","1B/OF","597.4","199","$0.0","($9.2)","($9.9)","($2.1)","($6.4)","($27.6)","$10.5","($16.1)"
"Jed Lowrie","OAK","2B/SS","598.3","228","($1.4)","($8.6)","($9.2)","($2.4)","($6.0)","($27.6)","$10.5","($16.1)"
"Johan Camargo","ATL","2B/3B","599.3","208","($0.9)","($8.7)","($9.7)","($2.7)","($5.7)","($27.7)","$10.5","($16.2)"
"Yonathan Daza","COL","OF","999.0","185","$1.4","($10.0)","($10.6)","($1.5)","($7.0)","($27.7)","$10.5","($16.2)"
"Yusniel Diaz","BAL","OF","999.0","216","($1.2)","($9.0)","($9.7)","($2.0)","($5.9)","($27.9)","$10.5","($16.4)"
"Tyler Naquin","CIN","OF","600.6","180","$0.0","($8.9)","($10.5)","($2.4)","($6.3)","($28.0)","$10.5","($16.6)"
"Odubel Herrera","PHI","OF","553.3","207","($1.3)","($8.9)","($9.9)","($2.0)","($6.0)","($28.2)","$10.5","($16.7)"
"Todd Frazier","","1B/3B","598.8","238","($2.3)","($8.4)","($9.4)","($2.1)","($5.3)","($27.6)","$9.7","($16.9)"
"Jedd Gyorko","","1B/3B","599.7","186","($1.0)","($8.8)","($10.3)","($2.5)","($5.0)","($27.7)","$9.7","($16.9)"
"Nicky Lopez","KCR","2B","599.3","277","($1.0)","($9.3)","($9.0)","($1.9)","($7.3)","($28.5)","$10.5","($16.9)"
"Pat Valaika","BAL","1B/2B/SS","572.9","215","($1.7)","($9.2)","($9.8)","($2.5)","($5.2)","($28.5)","$10.5","($17.0)"
"Chas McCormick","HOU","OF","999.0","192","($1.1)","($9.6)","($10.3)","($1.1)","($6.6)","($28.6)","$10.5","($17.1)"
"Danny Mendick","CHW","2B","600.9","210","($1.1)","($9.6)","($10.0)","($1.7)","($6.3)","($28.7)","$10.5","($17.2)"
"Austin Dean","STL","1B/OF","999.0","173","$0.0","($9.4)","($10.5)","($2.5)","($6.2)","($28.7)","$10.5","($17.2)"
"Erik Gonzalez","PIT","3B/SS","594.3","256","($1.8)","($9.0)","($9.9)","($1.5)","($6.7)","($28.9)","$10.5","($17.4)"
"Jose Marmolejos","SEA","1B/OF/DH","599.9","207","($1.8)","($8.7)","($10.3)","($2.7)","($5.5)","($28.9)","$10.5","($17.4)"
"Luis Guillorme","NYM","2B","599.5","210","($0.4)","($9.6)","($10.3)","($1.5)","($7.2)","($29.0)","$10.5","($17.5)"
"Ryan Braun","","OF/DH","600.9","138","$0.0","($9.6)","($11.2)","($2.2)","($6.0)","($28.9)","$10.5","($17.5)"
"Mike Tauchman","SFG","OF","581.8","156","($0.9)","($10.0)","($10.4)","($1.1)","($6.6)","($29.1)","$10.5","($17.7)"
"Jake Fraley","SEA","OF","600.8","158","($1.1)","($9.9)","($10.9)","($0.8)","($6.4)","($29.2)","$10.5","($17.8)"
"Ryan Zimmerman","WSN","1B/3B","597.7","168","($0.3)","($9.0)","($10.8)","($2.7)","($5.8)","($28.6)","$9.7","($17.9)"
"Kyle Farmer","CIN","2B/SS","596.5","198","($1.2)","($9.5)","($10.7)","($1.9)","($6.3)","($29.6)","$10.5","($18.2)"
"Charlie Culberson","TEX","P/1B/2B/DH","999.0","206","($2.0)","($9.3)","($10.2)","($2.3)","($6.0)","($29.8)","$10.5","($18.3)"
"Daniel Johnson Jr.","CLE","OF","599.8","166","($0.9)","($9.9)","($10.8)","($1.7)","($6.4)","($29.7)","$10.5","($18.3)"
"Eloy Jimenez","CHW","OF","249.4","104","$0.7","($10.0)","($11.9)","($2.7)","($5.9)","($29.9)","$10.5","($18.4)"
"Brian Goodwin","CHW","OF","600.3","161","($1.4)","($9.9)","($11.0)","($1.5)","($6.1)","($29.9)","$10.5","($18.5)"
"Darin Ruf","SFG","OF/DH","600.7","147","($0.6)","($9.7)","($11.2)","($2.4)","($6.1)","($30.0)","$10.5","($18.5)"
"Akil Baddoo","DET","OF","999.0","228","($4.1)","($9.7)","($9.6)","($0.7)","($6.0)","($30.0)","$10.5","($18.6)"
"Isaac Paredes","DET","3B","593.1","200","($0.3)","($9.6)","($10.5)","($2.5)","($6.6)","($29.4)","$9.7","($18.7)"
"Bradley Zimmer","CLE","OF","599.6","170","($1.8)","($10.4)","($10.8)","($0.7)","($6.4)","($30.2)","$10.5","($18.7)"
"Cole Tucker","PIT","OF","600.1","201","($1.7)","($10.0)","($10.1)","($1.5)","($6.9)","($30.3)","$10.5","($18.8)"
"Anderson Tejeda","TEX","SS","598.0","137","($0.9)","($10.4)","($11.5)","($1.1)","($6.5)","($30.3)","$10.5","($18.8)"
"Jose  Garcia","CIN","SS","598.9","193","($1.5)","($9.9)","($10.5)","($1.5)","($6.9)","($30.3)","$10.5","($18.8)"
"Abraham Toro","SEA","3B/DH","599.9","173","($1.3)","($9.5)","($10.2)","($2.3)","($6.5)","($29.7)","$9.7","($19.0)"
"Justin Williams","STL","OF","600.7","153","($0.5)","($9.9)","($11.2)","($2.4)","($6.4)","($30.5)","$10.5","($19.0)"
"Isan Diaz","MIA","2B","599.0","174","($2.0)","($9.8)","($10.6)","($2.1)","($6.2)","($30.8)","$10.5","($19.2)"
"Ryan O'Hearn","KCR","1B/DH","600.1","189","($2.0)","($8.8)","($10.8)","($2.8)","($5.4)","($29.8)","$9.5","($19.2)"
"Chris Owings","COL","2B/OF","599.1","144","($1.1)","($10.4)","($11.4)","($1.6)","($6.5)","($31.0)","$10.5","($19.4)"
"Harold Castro","DET","OF","599.7","178","($0.2)","($10.3)","($11.2)","($2.2)","($7.2)","($31.1)","$10.5","($19.6)"
"Matt Beaty","LAD","1B/DH","601.0","139","($0.2)","($10.1)","($11.2)","($2.4)","($6.6)","($30.4)","$9.5","($19.9)"
"Eli White","TEX","OF","999.0","195","($2.3)","($10.4)","($10.5)","($1.3)","($6.8)","($31.3)","$10.5","($19.9)"
"Albert Almora Jr.","NYM","OF","600.7","160","($0.9)","($10.4)","($11.1)","($2.5)","($6.8)","($31.6)","$10.5","($20.1)"
"Josh VanMeter","ARI","2B","601.0","122","($0.8)","($10.8)","($11.6)","($1.8)","($6.8)","($31.8)","$10.5","($20.3)"
"Taylor Ward","LAA","OF","599.9","121","($0.4)","($10.9)","($11.5)","($2.0)","($6.9)","($31.8)","$10.5","($20.3)"
"Mike Ford","TBR","1B/DH","600.3","136","($1.2)","($9.8)","($11.2)","($2.8)","($5.8)","($30.9)","$9.5","($20.4)"
"Derek Fisher","MIL","OF","600.7","120","($1.3)","($10.7)","($11.6)","($1.9)","($6.4)","($31.9)","$10.5","($20.5)"
"Yolmer Sanchez","ATL","3B","599.8","195","($0.7)","($10.4)","($10.7)","($2.3)","($7.2)","($31.3)","$9.7","($20.6)"
"Magneuris Sierra","MIA","OF","600.6","123","($0.5)","($11.6)","($11.9)","($0.6)","($7.7)","($32.3)","$10.5","($20.8)"
"Seth Brown","OAK","1B/DH","600.9","158","($1.8)","($9.7)","($10.9)","($2.4)","($6.5)","($31.4)","$9.5","($20.8)"
"Matt Kemp","","DH","999.0","99","($0.4)","($10.7)","($12.2)","($2.6)","($6.6)","($32.6)","$10.5","($21.0)"
"Ka'ai Tom","PIT","OF","999.0","122","($1.1)","($10.7)","($11.7)","($2.2)","($6.8)","($32.6)","$10.5","($21.1)"
"Ehire Adrianza","ATL","2B/3B/SS","600.2","142","($1.0)","($10.9)","($11.3)","($2.4)","($7.3)","($32.7)","$10.5","($21.2)"
"Eric Sogard","","2B/3B/SS","599.4","145","($0.7)","($10.9)","($11.5)","($2.3)","($7.3)","($32.8)","$10.5","($21.3)"
"Greg Bird","COL","1B","600.6","112","($0.7)","($10.5)","($11.8)","($2.6)","($6.3)","($32.0)","$9.5","($21.4)"
"Matt Joyce","PHI","OF/DH","600.1","119","($0.9)","($10.9)","($11.7)","($2.6)","($6.8)","($32.9)","$10.5","($21.5)"
"Zach McKinstry","LAD","2B/OF/DH","600.3","106","($0.7)","($11.0)","($12.0)","($2.4)","($7.0)","($33.2)","$10.5","($21.6)"
"Joe Panik","MIA","2B/3B/SS","599.6","120","($0.4)","($11.2)","($11.7)","($2.5)","($7.4)","($33.1)","$10.5","($21.7)"
"Yoenis Cespedes","","DH","596.6","80","($0.6)","($11.1)","($12.5)","($2.6)","($6.5)","($33.4)","$10.5","($21.8)"
"Lane Thomas","WSN","OF","598.0","107","($1.1)","($11.1)","($12.1)","($2.1)","($6.9)","($33.3)","$10.5","($21.9)"
"Daniel Robertson","MIL","SS","999.0","145","($1.1)","($10.9)","($11.6)","($2.5)","($7.2)","($33.4)","$10.5","($21.9)"
"Tyrone Taylor","MIL","OF","600.6","104","($0.8)","($11.1)","($12.3)","($2.4)","($6.7)","($33.4)","$10.5","($21.9)"
"Ryan McBroom","KCR","1B/DH","599.5","109","($0.3)","($10.9)","($12.0)","($2.7)","($6.6)","($32.5)","$9.5","($22.0)"
"Vidal Brujan","TBR","2B/OF","584.1","72","($0.2)","($12.0)","($12.8)","($1.0)","($7.7)","($33.7)","$10.5","($22.1)"
"Brandon Marsh","LAA","OF","999.0","91","($0.4)","($11.5)","($12.4)","($1.9)","($7.4)","($33.6)","$10.5","($22.2)"
"Heliot Ramos","SFG","OF","999.0","98","($0.7)","($11.3)","($12.4)","($2.3)","($7.1)","($33.7)","$10.5","($22.3)"
"Pablo Sandoval","","1B/3B/DH","600.7","99","($0.5)","($10.8)","($12.2)","($2.8)","($6.7)","($33.0)","$9.7","($22.3)"
"Juan Lagares","LAA","OF","999.0","106","($0.9)","($11.4)","($11.9)","($2.1)","($7.4)","($33.7)","$10.5","($22.3)"
"Kyle Garlick","MIN","OF","600.3","97","($1.2)","($11.0)","($12.3)","($2.6)","($6.7)","($33.8)","$10.5","($22.3)"
"Mark Payton","NYM","OF","999.0","81","($0.6)","($11.5)","($12.6)","($2.2)","($7.0)","($33.9)","$10.5","($22.4)"
"Franklin Barreto","LAA","2B","600.9","87","($1.1)","($11.5)","($12.4)","($2.1)","($7.0)","($34.0)","$10.5","($22.5)"
"Brett Phillips","TBR","OF","600.9","91","($1.6)","($11.6)","($12.4)","($1.2)","($7.2)","($33.9)","$10.5","($22.5)"
"Vimael Machin","OAK","3B/SS","999.0","123","($0.7)","($11.4)","($12.0)","($2.4)","($7.6)","($34.1)","$10.5","($22.6)"
"Luis Campusano","SDP","DH","999.0","84","($0.1)","($11.4)","($12.7)","($2.7)","($7.3)","($34.2)","$10.5","($22.6)"
"Edmundo Sosa","STL","2B/SS","999.0","93","($0.5)","($11.5)","($12.4)","($2.4)","($7.3)","($34.2)","$10.5","($22.7)"
"Danny Santana","BOS","1B/OF","597.5","68","($0.5)","($11.8)","($12.7)","($2.0)","($7.2)","($34.2)","$10.5","($22.7)"
"Jahmai Jones","BAL","2B","600.9","112","($1.0)","($11.4)","($12.2)","($2.3)","($7.3)","($34.3)","$10.5","($22.7)"
"Billy Hamilton","CHW","OF","599.3","80","($1.0)","($12.4)","($12.6)","($0.3)","($7.9)","($34.2)","$10.5","($22.8)"
"Logan Morrison","CIN","DH","999.0","69","($0.6)","($11.4)","($12.8)","($2.7)","($6.8)","($34.3)","$10.5","($22.8)"
"Hernan Perez","","1B/2B/OF/DH","999.0","80","($0.4)","($11.6)","($12.8)","($2.3)","($7.2)","($34.3)","$10.5","($22.8)"
"Ildemaro Vargas","ARI","1B/2B","999.0","88","$0.1","($11.6)","($12.7)","($2.6)","($7.6)","($34.4)","$10.5","($22.9)"
"Joshua Jung","TEX","3B","999.0","124","($1.3)","($11.1)","($12.1)","($2.1)","($7.2)","($33.8)","$9.7","($23.1)"
"Yu-Cheng Chang","CLE","2B/3B/SS","600.5","93","($1.1)","($11.5)","($12.3)","($2.5)","($7.1)","($34.6)","$10.5","($23.1)"
"Harold Ramirez","CLE","OF","999.0","70","$0.1","($11.8)","($12.9)","($2.6)","($7.4)","($34.5)","$10.5","($23.1)"
"Jeter Downs","BOS","2B/SS","576.8","62","($0.3)","($11.9)","($13.1)","($2.0)","($7.3)","($34.7)","$10.5","($23.2)"
"Andy Young","ARI","2B/3B/OF/DH","999.0","76","($0.5)","($11.6)","($12.8)","($2.7)","($7.1)","($34.7)","$10.5","($23.2)"
"Rylan Bannon","BAL","2B/3B","600.9","84","($0.6)","($11.7)","($12.8)","($2.5)","($7.2)","($34.7)","$10.5","($23.2)"
"Robel Garcia","HOU","2B","999.0","67","($0.9)","($11.6)","($12.8)","($2.5)","($7.0)","($34.8)","$10.5","($23.3)"
"Jonathan Davis","NYY","OF","999.0","75","($0.8)","($11.9)","($12.7)","($2.0)","($7.4)","($34.8)","$10.5","($23.4)"
"Luis Rengifo","LAA","2B","600.9","86","($0.8)","($11.9)","($12.6)","($2.1)","($7.5)","($34.9)","$10.5","($23.4)"
"Jordy Mercer","WSN","SS","999.0","88","($0.6)","($11.6)","($12.7)","($2.7)","($7.3)","($34.9)","$10.5","($23.4)"
"Justin Bour","","1B","999.0","111","($2.0)","($10.7)","($12.2)","($2.7)","($6.4)","($34.0)","$9.5","($23.4)"
"Jorge Mateo","BAL","2B/OF","600.2","74","($0.9)","($11.9)","($12.8)","($1.9)","($7.5)","($35.0)","$10.5","($23.5)"
"Adolis Garcia","TEX","OF","598.2","76","($1.1)","($11.6)","($12.9)","($2.4)","($7.0)","($35.0)","$10.5","($23.6)"
"Matt Adams","","DH","999.0","55","($0.6)","($11.7)","($13.2)","($2.8)","($7.0)","($35.2)","$10.5","($23.6)"
"Seth Beer","ARI","1B/OF","600.6","48","($0.2)","($11.6)","($13.2)","($2.8)","($7.3)","($35.1)","$10.5","($23.7)"
"Andrew Waters","ATL","OF","596.8","64","($0.2)","($12.0)","($13.0)","($2.3)","($7.6)","($35.1)","$10.5","($23.7)"
"Colton Welker","COL","3B","599.1","66","$0.3","($11.7)","($13.0)","($2.6)","($7.4)","($34.4)","$9.7","($23.7)"
"Delino DeShields","BOS","OF","600.7","70","($0.4)","($12.3)","($12.9)","($1.7)","($7.9)","($35.2)","$10.5","($23.7)"
"Alex Blandino","CIN","2B/3B","999.0","96","($1.3)","($11.7)","($12.4)","($2.6)","($7.3)","($35.3)","$10.5","($23.8)"
"Daz Cameron","DET","OF","600.9","77","($0.8)","($12.0)","($12.9)","($2.2)","($7.5)","($35.3)","$10.5","($23.8)"
"Billy McKinney","LAD","OF","601.0","69","($0.7)","($11.9)","($12.9)","($2.8)","($7.1)","($35.3)","$10.5","($23.9)"
"Mickey Moniak","PHI","OF","999.0","69","($0.6)","($11.8)","($13.0)","($2.4)","($7.5)","($35.4)","$10.5","($23.9)"
"Steven Souza Jr.","LAD","OF","601.0","55","($0.7)","($11.9)","($13.3)","($2.2)","($7.3)","($35.4)","$10.5","($24.0)"
"Cameron Maybin","NYM","OF","999.0","57","($0.3)","($12.2)","($13.2)","($2.1)","($7.6)","($35.5)","$10.5","($24.0)"
"Breyvic Valera","TOR","2B","999.0","56","($0.1)","($12.2)","($13.3)","($2.4)","($7.6)","($35.6)","$10.5","($24.1)"
"Monte Harrison","MIA","OF","598.9","50","($0.8)","($12.4)","($13.3)","($1.5)","($7.6)","($35.5)","$10.5","($24.1)"
"Thairo Estrada","SFG","2B/3B","999.0","60","($0.5)","($12.1)","($13.1)","($2.4)","($7.5)","($35.7)","$10.5","($24.1)"
"Jake Lamb","CHW","1B/3B/DH","596.9","81","($1.0)","($11.4)","($12.7)","($2.7)","($7.0)","($34.9)","$9.7","($24.1)"
"Tim Lopes","MIL","OF/DH","999.0","58","($0.2)","($12.2)","($13.2)","($2.1)","($7.9)","($35.6)","$10.5","($24.1)"
"Sam Haggerty","SEA","OF","600.7","62","($0.8)","($12.3)","($13.1)","($1.7)","($7.8)","($35.6)","$10.5","($24.1)"
"Jason Kipnis","ATL","2B/DH","600.8","58","($0.5)","($12.0)","($13.3)","($2.6)","($7.4)","($35.8)","$10.5","($24.2)"
"Max Schrock","CIN","2B","999.0","64","($0.4)","($12.1)","($13.1)","($2.4)","($7.8)","($35.8)","$10.5","($24.2)"
"Gerardo Parra","WSN","OF","999.0","53","($0.2)","($12.1)","($13.3)","($2.4)","($7.7)","($35.7)","$10.5","($24.2)"
"Dee Gordon","","2B/OF","578.9","49","$0.0","($12.6)","($13.4)","($2.0)","($8.0)","($35.9)","$10.5","($24.4)"
"Spencer Torkelson","DET","1B/3B","575.2","45","($0.1)","($12.0)","($13.2)","($2.7)","($7.2)","($35.1)","$9.7","($24.4)"
"Yairo Munoz","BOS","OF","600.7","43","$0.0","($12.4)","($13.5)","($2.2)","($7.6)","($35.8)","$10.5","($24.4)"
"Richie Martin Jr.","BAL","SS","601.0","68","($0.8)","($12.3)","($13.2)","($2.0)","($7.6)","($35.9)","$10.5","($24.4)"
"Yadiel Hernandez","WSN","DH","999.0","49","($0.2)","($12.2)","($13.4)","($2.7)","($7.5)","($36.0)","$10.5","($24.4)"
"Greg Garcia","PHI","2B/3B/DH","999.0","62","($0.4)","($12.3)","($13.0)","($2.6)","($7.7)","($36.0)","$10.5","($24.4)"
"Logan Forsythe","","2B","999.0","65","($0.7)","($12.1)","($13.1)","($2.6)","($7.5)","($36.0)","$10.5","($24.5)"
"Phillip Ervin","ATL","OF","999.0","55","($0.4)","($12.2)","($13.3)","($2.4)","($7.7)","($36.0)","$10.5","($24.5)"
"Christin Stewart","DET","OF","600.9","53","($0.5)","($12.1)","($13.4)","($2.8)","($7.4)","($36.1)","$10.5","($24.6)"
"Wyatt Mathisen","SEA","3B","999.0","58","($0.5)","($12.0)","($13.1)","($2.7)","($7.4)","($35.8)","$9.7","($25.0)"
"Derek Dietrich","WSN","1B/DH","999.0","51","($0.5)","($12.1)","($13.2)","($2.6)","($7.2)","($35.6)","$9.5","($25.1)"
"Lewin Diaz","MIA","1B","999.0","58","($0.5)","($11.9)","($13.3)","($2.8)","($7.3)","($35.9)","$9.5","($25.3)"
"John Nogowski","PIT","1B","999.0","55","($0.2)","($12.1)","($13.3)","($2.7)","($7.6)","($35.9)","$9.5","($25.3)"
