"PlayerName","Team","POS","ADP","IP","mW","mSV","mERA","mWHIP","mSO","PTS","aPOS","Dollars"
"Jacob deGrom","NYM","SP","4.3","192","$4.6","($1.4)","$11.1","$10.8","$6.9","$32.0","$9.3","$42.3"
"Gerrit Cole","NYY","SP","7.3","196","$6.0","($1.4)","$5.8","$9.4","$6.8","$26.8","$9.3","$37.1"
"Shane Bieber","CLE","SP","9.8","193","$4.9","($1.4)","$6.7","$7.2","$6.1","$23.6","$9.3","$33.9"
"Trevor Bauer","LAD","SP","15.5","197","$5.4","($1.4)","$4.1","$4.8","$5.6","$18.5","$9.3","$28.8"
"Walker Buehler","LAD","SP","22.0","167","$3.2","($1.4)","$5.0","$6.8","$3.4","$17.0","$9.3","$27.3"
"Yu Darvish","SDP","SP","16.5","178","$3.6","($1.4)","$4.7","$5.2","$4.6","$16.7","$9.3","$27.0"
"Clayton Kershaw","LAD","SP","32.4","160","$3.8","($1.4)","$5.0","$4.9","$2.0","$14.3","$9.3","$24.6"
"Jack Flaherty","STL","SP","31.7","178","$3.4","($1.4)","$3.4","$4.7","$4.0","$14.1","$9.3","$24.5"
"Luis Castillo","CIN","SP","28.0","187","$4.4","($1.4)","$4.5","$0.8","$4.9","$13.3","$9.3","$23.6"
"Brandon Woodruff","MIL","SP","32.0","174","$3.0","($1.4)","$3.3","$4.5","$3.6","$12.9","$9.3","$23.3"
"Max Scherzer","LAD","SP","24.8","169","$3.3","($1.4)","$2.6","$3.5","$4.6","$12.6","$9.3","$23.0"
"Aaron Nola","PHI","SP","21.8","191","$4.1","($1.4)","$2.9","$1.9","$5.1","$12.6","$9.3","$22.9"
"Lucas Giolito","CHW","SP","16.9","179","$3.6","($1.4)","$1.3","$3.3","$4.8","$11.5","$9.3","$21.8"
"Tyler Glasnow","TBR","SP","43.2","158","$3.7","($1.4)","$1.6","$3.0","$4.3","$11.2","$9.3","$21.5"
"Blake Snell","SDP","SP","40.3","158","$3.2","($1.4)","$4.0","$1.3","$3.4","$10.5","$9.3","$20.8"
"Corbin Burnes","MIL","SP","52.6","151","$1.4","($1.4)","$2.3","$1.1","$2.8","$6.2","$9.3","$16.5"
"Hyun-Jin Ryu","TOR","SP","68.8","172","$3.1","($1.4)","$1.9","$0.7","$1.6","$5.9","$9.3","$16.3"
"Kyle Hendricks","CHC","SP","78.8","188","$3.2","($1.4)","$0.9","$1.5","$1.2","$5.4","$9.3","$15.7"
"Stephen Strasburg","WSN","SP","69.0","159","$2.3","($1.4)","$0.7","$1.1","$2.1","$4.8","$9.3","$15.2"
"Zack Greinke","HOU","SP","101.9","182","$2.8","($1.4)","($1.0)","$2.3","$1.8","$4.6","$9.3","$14.9"
"Dinelson Lamet","SDP","SP","113.5","117","($0.3)","($1.4)","$2.6","$2.5","$0.9","$4.4","$9.3","$14.7"
"Josh Hader","MIL","RP","56.7","65","($3.4)","$7.9","$2.7","$4.2","($1.6)","$9.7","$3.9","$14.7"
"Liam Hendriks","CHW","RP","53.5","66","($3.4)","$7.9","$3.6","$3.7","($2.4)","$9.3","$3.9","$14.3"
"Kenta Maeda","MIN","SP","47.0","165","$2.7","($1.4)","($1.3)","$1.5","$2.4","$3.9","$9.3","$14.3"
"Charlie Morton","ATL","SP","110.8","151","$2.3","($1.4)","$0.9","$0.2","$1.7","$3.7","$9.3","$14.1"
"Lance Lynn","CHW","SP","55.0","185","$3.0","($1.4)","($1.1)","($0.5)","$3.6","$3.7","$9.3","$14.0"
"Joe Musgrove","SDP","SP","118.8","166","$1.8","($1.4)","$0.2","$0.9","$2.1","$3.6","$9.3","$14.0"
"Sonny Gray","CIN","SP","89.2","162","$2.2","($1.4)","$1.2","($1.5)","$2.8","$3.4","$9.3","$13.7"
"Chris Paddack","SDP","SP","102.6","138","$1.3","($1.4)","$0.1","$3.0","$0.4","$3.4","$9.3","$13.7"
"Jose Berrios","TOR","SP","79.9","181","$3.4","($1.4)","($0.9)","($1.0)","$2.9","$3.0","$9.3","$13.3"
"Kevin Gausman","SFG","SP","136.5","164","$1.6","($1.4)","($0.2)","$0.0","$2.6","$2.6","$9.3","$13.0"
"Zack Wheeler","PHI","SP","99.3","184","$2.1","($1.4)","$0.2","($1.2)","$2.1","$1.9","$9.3","$12.2"
"Lance McCullers Jr.","HOU","SP","113.4","148","$1.7","($1.4)","$1.0","($0.7)","$1.2","$1.8","$9.3","$12.1"
"Max Fried","ATL","SP","68.3","162","$3.4","($1.4)","$1.2","($3.1)","$1.3","$1.4","$9.3","$11.7"
"Pablo Lopez","MIA","SP","130.5","160","$1.6","($1.4)","$0.4","($0.3)","$1.0","$1.2","$9.3","$11.6"
"Edwin Diaz","NYM","RP","70.4","64","($3.8)","$7.2","$2.8","$1.4","($1.6)","$5.9","$3.9","$10.8"
"Ian Anderson","ATL","SP","95.7","144","$1.8","($1.4)","$1.1","($2.4)","$1.3","$0.4","$9.3","$10.8"
"Jesus Luzardo","MIA","SP","95.9","147","$0.9","($1.4)","$0.5","($0.4)","$0.7","$0.3","$9.3","$10.7"
"Aroldis Chapman","NYY","RP","64.5","58","($3.9)","$8.0","$2.7","$1.3","($2.7)","$5.5","$3.9","$10.4"
"Julio Urias","LAD","SP","119.6","128","$0.7","($1.4)","$1.2","($0.2)","($0.5)","($0.2)","$9.3","$10.1"
"Patrick Corbin","WSN","SP","135.8","185","$2.1","($1.4)","($0.7)","($3.5)","$3.2","($0.3)","$9.3","$10.0"
"Zac Gallen","ARI","SP","76.1","123","($0.7)","($1.4)","$1.1","$0.3","$0.2","($0.6)","$9.3","$9.8"
"Freddy Peralta","MIL","SP","261.2","118","$0.0","($1.4)","($0.3)","($0.2)","$1.1","($0.8)","$9.3","$9.5"
"Zach Plesac","CLE","SP","86.5","167","$1.6","($1.4)","($2.7)","$0.1","$1.2","($1.1)","$9.3","$9.2"
"Carlos Carrasco","NYM","SP","143.4","93","($1.6)","($1.4)","$1.6","$1.1","($1.4)","($1.6)","$9.3","$8.7"
"Shohei Ohtani","LAA","SP","154.1","89","$3.8","($0.1)","($1.0)","($2.6)","($1.8)","($1.7)","$9.3","$8.6"
"Sixto Sanchez","MIA","SP","135.3","139","$0.5","($1.4)","$0.5","($0.9)","($0.5)","($1.8)","$9.3","$8.5"
"Raisel Iglesias","LAA","RP","78.9","65","($3.2)","$7.0","$1.3","$1.4","($3.1)","$3.4","$3.9","$8.3"
"Andrew Heaney","NYY","SP","228.7","164","$1.3","($1.4)","($3.3)","($0.8)","$2.1","($2.2)","$9.3","$8.2"
"Ryan Pressly","HOU","RP","95.0","61","($4.1)","$7.3","$1.9","$1.0","($3.3)","$2.7","$3.9","$7.6"
"Dustin May","LAD","SP","223.4","108","($1.1)","($1.4)","$1.8","$0.2","($2.1)","($2.7)","$9.3","$7.6"
"Sean Manaea","OAK","SP","251.1","147","$1.6","($1.4)","($2.1)","($0.6)","($0.5)","($3.0)","$9.3","$7.3"
"Corey Kluber","NYY","SP","167.3","138","$0.1","($1.4)","($2.2)","$0.2","$0.2","($3.1)","$9.3","$7.2"
"Dylan Bundy","LAA","SP","120.1","170","$2.2","($1.4)","($4.2)","($1.8)","$2.1","($3.1)","$9.3","$7.2"
"James Paxton","SEA","SP","211.7","123","($0.1)","($1.4)","($1.9)","($0.3)","$0.2","($3.4)","$9.3","$6.9"
"German Marquez","COL","SP","197.2","185","$1.8","($1.4)","($4.6)","($2.6)","$2.7","($4.0)","$9.3","$6.3"
"Frankie Montas","OAK","SP","164.1","144","$1.2","($1.4)","($2.2)","($2.1)","$0.4","($4.0)","$9.3","$6.3"
"Jose Urquidy","HOU","SP","189.4","143","$0.3","($1.4)","($2.4)","$0.0","($0.7)","($4.1)","$9.3","$6.2"
"Mike Soroka","ATL","SP","187.1","131","$0.1","($1.4)","$0.3","($1.7)","($1.5)","($4.2)","$9.3","$6.1"
"James Karinchak","CLE","RP","101.5","63","($4.3)","$4.4","$2.0","$0.5","($1.6)","$1.0","$3.9","$5.9"
"Marcus Stroman","NYM","SP","189.4","161","$1.5","($1.4)","$0.1","($4.9)","$0.3","($4.4)","$9.3","$5.9"
"Zach Eflin","PHI","SP","185.9","156","$1.5","($1.4)","($3.1)","($2.7)","$1.0","($4.6)","$9.3","$5.7"
"Chris Bassitt","OAK","SP","189.3","155","$1.2","($1.4)","($1.8)","($2.8)","$0.2","($4.6)","$9.3","$5.7"
"David Price","LAD","SP","239.1","101","($0.7)","($1.4)","($0.6)","($0.6)","($1.5)","($4.7)","$9.3","$5.6"
"Kenley Jansen","LAD","RP","106.3","59","($3.6)","$7.0","$0.0","$0.8","($3.6)","$0.5","$3.9","$5.4"
"Sandy Alcantara","MIA","SP","131.7","177","$1.4","($1.4)","($1.6)","($4.9)","$1.5","($4.9)","$9.3","$5.4"
"Elieser Hernandez","MIA","SP","221.5","135","($0.9)","($1.4)","($3.3)","$0.0","$0.5","($5.0)","$9.3","$5.3"
"Tony Gonsolin","LAD","SP","267.4","87","($2.0)","($1.4)","$0.3","$0.4","($2.5)","($5.1)","$9.3","$5.2"
"Marco Gonzales","SEA","SP","184.0","177","$1.9","($1.4)","($3.9)","($2.3)","$0.3","($5.3)","$9.3","$5.0"
"Jordan Montgomery","NYY","SP","229.6","140","$0.4","($1.4)","($2.2)","($2.5)","$0.2","($5.5)","$9.3","$4.8"
"Will Smith","ATL","RP","161.9","63","($3.5)","$4.3","$0.9","$1.2","($3.1)","($0.2)","$3.9","$4.8"
"Chris Sale","BOS","SP","361.9","65","($3.2)","($1.4)","$0.4","$1.6","($3.0)","($5.6)","$9.3","$4.7"
"Jake Odorizzi","HOU","SP","277.3","135","$0.5","($1.4)","($3.2)","($2.0)","$0.4","($5.7)","$9.3","$4.6"
"Josh Lindblom","MIL","SP","408.3","124","($0.9)","($1.4)","($2.7)","($0.3)","($0.4)","($5.7)","$9.3","$4.6"
"Ryan Yarbrough","TBR","SP","262.2","149","$0.1","($1.4)","($3.0)","($1.1)","($0.8)","($6.2)","$9.3","$4.2"
"Eduardo Rodriguez","BOS","SP","222.1","154","$1.6","($1.4)","($3.0)","($4.9)","$1.5","($6.2)","$9.3","$4.1"
"Brad Hand","TOR","RP","105.0","62","($4.0)","$5.4","$0.6","$0.3","($3.2)","($1.0)","$3.9","$4.0"
"Tyler Mahle","CIN","SP","170.5","150","$0.2","($1.4)","($4.0)","($2.9)","$1.6","($6.5)","$9.3","$3.8"
"Taijuan Walker","NYM","SP","280.8","131","$0.3","($1.4)","($1.6)","($3.3)","($0.6)","($6.5)","$9.3","$3.8"
"Devin Williams","MIL","RP","184.9","67","($3.3)","$0.2","$3.4","$0.5","($2.1)","($1.3)","$3.9","$3.6"
"Kwang-hyun Kim","STL","SP","381.2","130","($0.4)","($1.3)","($0.4)","($3.0)","($1.6)","($6.7)","$9.3","$3.6"
"Diego Castillo","SEA","RP","266.5","65","($3.0)","$2.6","$2.1","$0.4","($3.5)","($1.4)","$3.9","$3.6"
"Trevor Rogers","MIA","SP","353.6","123","($1.1)","($1.4)","($1.3)","($2.9)","($0.3)","($6.9)","$9.3","$3.4"
"Nathan Eovaldi","BOS","SP","260.3","135","$0.3","($1.4)","($3.3)","($2.6)","$0.1","($6.9)","$9.3","$3.4"
"John Means","BAL","SP","232.2","155","$0.1","($1.4)","($4.7)","($1.2)","$0.2","($7.0)","$9.3","$3.3"
"Pete Fairbanks","TBR","RP","349.5","65","($2.3)","$2.5","$1.2","($0.3)","($2.7)","($1.6)","$3.9","$3.3"
"Triston McKenzie","CLE","SP","202.5","129","($0.7)","($1.4)","($3.3)","($1.7)","$0.0","($7.1)","$9.3","$3.3"
"Trevor Rosenthal","OAK","RP","102.7","61","($4.3)","$6.7","$0.0","($1.6)","($2.9)","($2.0)","$3.9","$3.0"
"A.J. Puk","OAK","SP","412.0","83","($2.7)","($1.3)","$0.1","($1.2)","($2.2)","($7.4)","$9.3","$2.9"
"Domingo German","NYY","SP","239.3","123","$0.1","($1.4)","($4.3)","($1.6)","($0.3)","($7.4)","$9.3","$2.9"
"Giovanny Gallegos","STL","RP","270.0","59","($3.5)","$1.3","$1.1","$2.4","($3.6)","($2.2)","$3.9","$2.7"
"Michael Pineda","MIN","SP","238.1","132","$0.4","($1.4)","($4.1)","($1.9)","($0.7)","($7.6)","$9.3","$2.7"
"Richard Rodriguez","ATL","RP","197.4","64","($3.9)","$4.4","$0.4","$0.1","($3.5)","($2.5)","$3.9","$2.4"
"Rafael Montero","HOU","RP","174.4","65","($4.7)","$5.8","$0.2","($0.3)","($3.5)","($2.6)","$3.9","$2.4"
"Noah Syndergaard","NYM","SP","325.7","81","($2.5)","($1.4)","($0.5)","($0.5)","($3.0)","($8.0)","$9.3","$2.4"
"Craig Kimbrel","CHW","RP","167.1","48","($4.7)","$4.9","$0.2","$0.5","($3.6)","($2.6)","$3.9","$2.3"
"Taylor Rogers","MIN","RP","209.2","64","($3.5)","$1.9","$1.6","$0.7","($3.5)","($2.7)","$3.9","$2.2"
"Dallas Keuchel","CHW","SP","218.6","167","$2.3","($1.4)","($2.2)","($6.2)","($0.7)","($8.2)","$9.3","$2.1"
"Jordan Romano","TOR","RP","279.4","62","($3.7)","$4.5","$0.2","($0.5)","($3.3)","($2.8)","$3.9","$2.1"
"Drew Smyly","ATL","SP","243.6","117","($1.6)","($1.4)","($3.3)","($2.2)","$0.2","($8.2)","$9.3","$2.1"
"Seth Lugo","NYM","SP/RP","569.1","53","($4.0)","($1.0)","$0.1","$0.7","($4.1)","($8.3)","$9.3","$2.0"
"Mike Minor","KCR","SP","304.1","172","$0.4","($1.4)","($5.5)","($3.2)","$1.2","($8.4)","$9.3","$2.0"
"Chris Martin","ATL","RP","335.7","59","($4.1)","$1.3","$1.6","$2.1","($4.1)","($3.1)","$3.9","$1.8"
"Luis Severino","NYY","SP","448.8","59","($3.3)","($1.4)","$0.0","$0.1","($4.0)","($8.6)","$9.3","$1.7"
"Alex Wood","SFG","SP","572.5","99","($1.9)","($1.4)","($1.4)","($1.8)","($2.4)","($8.8)","$9.3","$1.6"
"Emilio Pagan","SDP","RP","324.0","61","($4.0)","$2.1","$0.5","$1.7","($3.6)","($3.4)","$3.9","$1.6"
"Jordan Hicks","STL","RP","187.4","53","($4.3)","$4.1","$1.8","($0.6)","($4.4)","($3.4)","$3.9","$1.5"
"Jameson Taillon","NYY","SP","190.0","123","($0.4)","($1.4)","($3.6)","($2.0)","($1.4)","($8.8)","$9.3","$1.5"
"Framber Valdez","HOU","SP","287.7","62","($3.1)","($1.4)","$0.4","($0.8)","($4.0)","($8.8)","$9.3","$1.5"
"Aaron Civale","CLE","SP","178.7","158","$0.8","($1.4)","($4.6)","($3.9)","$0.0","($9.0)","$9.3","$1.4"
"Alex Colome","MIN","RP","163.8","62","($3.5)","$4.8","$0.5","($0.8)","($4.7)","($3.6)","$3.9","$1.4"
"Miles Mikolas","STL","SP","549.9","97","($2.4)","($1.4)","($1.5)","($0.4)","($3.3)","($9.0)","$9.3","$1.3"
"Tarik Skubal","DET","SP","302.1","131","($1.2)","($1.4)","($4.3)","($2.7)","$0.5","($9.1)","$9.3","$1.2"
"Cristian Javier","HOU","SP","243.8","117","($0.2)","($1.4)","($4.0)","($3.1)","($0.6)","($9.2)","$9.3","$1.1"
"Anthony Bass","MIA","RP","235.2","63","($4.1)","$5.0","$0.1","($0.4)","($4.5)","($3.9)","$3.9","$1.0"
"Joakim Soria","TOR","RP","281.9","63","($4.0)","$4.5","$0.0","($0.6)","($3.8)","($3.9)","$3.9","$1.0"
"Yusei Kikuchi","SEA","SP","277.3","152","$0.1","($1.4)","($4.2)","($4.0)","$0.1","($9.3)","$9.3","$1.0"
"Merrill Kelly","ARI","SP","528.2","139","$0.6","($1.4)","($4.7)","($3.3)","($0.6)","($9.3)","$9.3","$1.0"
"Rich Hill","NYM","SP","514.0","84","($2.7)","($1.4)","($1.1)","($1.3)","($3.1)","($9.4)","$9.3","$0.9"
"Griffin Canning","LAA","SP","321.7","139","($0.5)","($1.4)","($4.2)","($3.6)","$0.2","($9.5)","$9.3","$0.8"
"Chad Green","NYY","RP","514.1","64","($3.0)","($0.8)","$0.6","$2.1","($3.0)","($4.2)","$3.9","$0.8"
"Jake McGee","SFG","RP","267.0","57","($4.0)","$3.0","$0.4","$0.2","($3.8)","($4.2)","$3.9","$0.7"
"Brady Singer","KCR","SP","252.5","147","$0.2","($1.4)","($3.5)","($4.7)","($0.5)","($9.8)","$9.3","$0.5"
"John Gant","MIN","SP","579.9","88","($1.4)","($1.2)","($0.8)","($3.3)","($3.1)","($9.8)","$9.3","$0.5"
"Adbert Alzolay","CHC","SP","439.2","119","($1.1)","($1.4)","($2.8)","($4.1)","($0.5)","($9.8)","$9.3","$0.5"
"Nate Pearson","TOR","SP","322.1","113","($1.2)","($1.4)","($3.0)","($2.9)","($1.4)","($9.9)","$9.3","$0.4"
"Adam Wainwright","STL","SP","343.9","148","$0.9","($1.4)","($3.4)","($5.5)","($0.6)","($10.0)","$9.3","$0.4"
"Trevor May","NYM","RP","536.9","63","($3.8)","($0.3)","$1.4","$0.8","($2.8)","($4.7)","$3.9","$0.3"
"Anthony DeSclafani","SFG","SP","463.8","135","($0.6)","($1.4)","($4.2)","($3.2)","($0.7)","($10.1)","$9.3","$0.2"
"Tejay Antone","CIN","SP","318.0","103","($2.5)","($0.7)","($1.2)","($4.2)","($1.7)","($10.2)","$9.3","$0.1"
"Drew Pomeranz","SDP","RP","240.8","60","($4.2)","$2.1","$1.1","($0.7)","($3.3)","($5.0)","$3.9","($0.1)"
"Matt Barnes","BOS","RP","209.7","62","($3.6)","$3.8","($0.2)","($2.1)","($2.9)","($5.0)","$3.9","($0.1)"
"Caleb Smith","ARI","SP","462.2","141","($0.4)","($1.4)","($5.7)","($4.0)","$0.9","($10.6)","$9.3","($0.2)"
"Joey Lucchesi","NYM","SP","571.9","86","($2.0)","($1.4)","($2.1)","($2.3)","($2.9)","($10.6)","$9.3","($0.2)"
"Matthew Boyd","DET","SP","309.0","164","$0.2","($1.4)","($8.0)","($3.7)","$2.2","($10.7)","$9.3","($0.4)"
"Matt Shoemaker","","SP","547.0","111","($1.3)","($1.4)","($4.1)","($2.0)","($1.9)","($10.7)","$9.3","($0.4)"
"Chris Archer","TBR","SP","488.0","116","($1.8)","($1.4)","($4.0)","($3.4)","($0.3)","($10.9)","$9.3","($0.6)"
"JT Brubaker","PIT","SP","547.2","131","($1.6)","($1.4)","($2.6)","($4.7)","($0.7)","($10.9)","$9.3","($0.6)"
"Amir Garrett","CIN","RP","201.0","57","($4.2)","$3.5","$0.0","($1.5)","($3.4)","($5.6)","$3.9","($0.7)"
"Luke Weaver","ARI","SP","519.5","136","($0.9)","($1.4)","($5.0)","($3.9)","$0.1","($11.0)","$9.3","($0.7)"
"David Peterson","NYM","SP","999.0","101","($1.4)","($1.4)","($1.5)","($4.2)","($2.6)","($11.1)","$9.3","($0.7)"
"Hector Neris","PHI","RP","268.6","63","($3.8)","$2.9","($0.5)","($1.0)","($3.2)","($5.7)","$3.9","($0.8)"
"Josh Fleming","TBR","SP","564.8","80","($2.0)","($1.4)","($1.1)","($2.2)","($4.4)","($11.1)","$9.3","($0.8)"
"J.A. Happ","STL","SP","448.2","140","$0.0","($1.4)","($5.2)","($3.9)","($0.7)","($11.2)","$9.3","($0.9)"
"Brent Suter","MIL","RP","573.3","76","($2.6)","($1.2)","$0.5","$0.8","($3.3)","($5.8)","$3.9","($0.9)"
"Jose Quintana","LAA","SP","479.7","139","$0.0","($1.4)","($4.8)","($4.8)","($0.3)","($11.2)","$9.3","($0.9)"
"MacKenzie Gore","SDP","SP","999.0","61","($3.7)","($1.4)","($0.9)","($1.3)","($4.1)","($11.3)","$9.3","($1.0)"
"Robbie Ray","TOR","SP","294.6","148","$0.6","($1.4)","($6.1)","($7.5)","$3.0","($11.3)","$9.3","($1.0)"
"Yimi Garcia","HOU","RP","446.7","64","($4.0)","$0.5","$0.6","$0.6","($3.7)","($6.0)","$3.9","($1.0)"
"Archie Bradley","PHI","RP","263.1","65","($3.9)","$3.0","$0.1","($1.3)","($3.8)","($6.0)","$3.9","($1.1)"
"Tanner Rainey","WSN","RP","498.2","62","($3.9)","$1.3","$0.1","($1.0)","($2.6)","($6.0)","$3.9","($1.1)"
"Ross Stripling","TOR","SP","529.5","109","($1.6)","($1.4)","($3.8)","($2.7)","($1.9)","($11.4)","$9.3","($1.1)"
"Justus Sheffield","SEA","SP","350.7","143","$0.2","($1.4)","($2.9)","($7.0)","($0.5)","($11.6)","$9.3","($1.3)"
"Adrian Houser","MIL","SP","552.0","128","($1.4)","($1.4)","($3.0)","($4.5)","($1.3)","($11.6)","$9.3","($1.3)"
"Tyler Duffey","MIN","RP","580.5","62","($3.8)","($0.3)","$0.6","$0.7","($3.6)","($6.4)","$3.9","($1.4)"
"Aaron Bummer","CHW","RP","546.9","60","($4.6)","($0.3)","$2.8","($0.3)","($3.9)","($6.4)","$3.9","($1.4)"
"Carlos Martinez","STL","SP","422.4","129","($0.8)","($1.3)","($2.9)","($5.7)","($1.1)","($11.8)","$9.3","($1.5)"
"Mitch Keller","PIT","SP","421.0","141","($0.6)","($1.4)","($3.5)","($6.5)","$0.0","($11.9)","$9.3","($1.5)"
"Victor Gonzalez","LAD","RP","596.6","59","($3.3)","($1.2)","$2.0","$0.1","($4.1)","($6.5)","$3.9","($1.6)"
"Lucas Sims","CIN","RP","437.4","62","($3.6)","$1.6","($0.3)","($1.2)","($3.1)","($6.5)","$3.9","($1.6)"
"Daniel Ponce de Leon","STL","SP","552.4","86","($2.8)","($1.4)","($2.3)","($3.3)","($2.2)","($11.9)","$9.3","($1.6)"
"Jake Diekman","OAK","RP","462.9","61","($4.3)","$0.5","$1.7","($1.6)","($3.2)","($6.8)","$3.9","($1.9)"
"Blake Treinen","LAD","RP","490.5","62","($2.8)","$0.4","$0.7","($1.2)","($4.1)","($7.0)","$3.9","($2.0)"
"Dane Dunning","TEX","SP","365.0","110","($1.7)","($1.4)","($3.3)","($4.2)","($1.8)","($12.4)","$9.3","($2.1)"
"Garrett Richards","BOS","SP","487.9","116","($1.3)","($1.4)","($4.0)","($4.4)","($1.3)","($12.4)","$9.3","($2.1)"
"Greg Holland","KCR","RP","210.8","58","($4.1)","$4.0","($0.7)","($2.3)","($4.2)","($7.3)","$3.9","($2.3)"
"Deivi Garcia","NYY","SP","443.0","77","($2.7)","($1.4)","($3.7)","($1.9)","($2.9)","($12.7)","$9.3","($2.4)"
"Brent Honeywell","TBR","SP","589.8","42","($4.4)","($1.4)","($0.9)","($0.9)","($5.2)","($12.8)","$9.3","($2.5)"
"Daniel Bard","COL","RP","250.4","59","($3.8)","$4.2","($1.3)","($2.4)","($4.2)","($7.5)","$3.9","($2.5)"
"Zach Davies","CHC","SP","254.4","152","$0.5","($1.4)","($4.5)","($6.6)","($0.9)","($12.9)","$9.3","($2.6)"
"Spencer Howard","TEX","SP","999.0","84","($2.9)","($1.4)","($3.1)","($2.9)","($2.7)","($13.0)","$9.3","($2.7)"
"Michael Lorenzen","CIN","SP","539.1","117","($1.5)","($1.4)","($3.1)","($5.9)","($1.2)","($13.0)","$9.3","($2.7)"
"Keone Kela","SDP","RP","582.1","48","($4.6)","($0.2)","$1.2","$0.2","($4.3)","($7.6)","$3.9","($2.7)"
"Rafael Dolis","TOR","RP","534.9","64","($3.5)","$1.0","$0.8","($2.5)","($3.6)","($7.8)","$3.9","($2.8)"
"Tyler Matzek","ATL","RP","595.4","62","($3.6)","($0.9)","$1.0","($1.4)","($3.0)","($7.9)","$3.9","($2.9)"
"Emmanuel Clase","CLE","RP","489.4","59","($4.3)","$0.6","$1.0","($0.9)","($4.2)","($7.9)","$3.9","($2.9)"
"Brad Keller","KCR","SP","368.9","160","$1.0","($1.4)","($4.3)","($7.4)","($1.2)","($13.3)","$9.3","($3.0)"
"Spencer Turnbull","DET","SP","491.5","133","($1.4)","($1.4)","($4.1)","($5.9)","($0.6)","($13.4)","$9.3","($3.1)"
"Tanner Scott","BAL","RP","387.6","60","($4.8)","$1.7","$1.1","($2.3)","($3.6)","($8.0)","$3.9","($3.1)"
"Brusdar Graterol","LAD","RP","549.8","52","($4.0)","($0.5)","$1.2","$0.2","($4.9)","($8.0)","$3.9","($3.1)"
"Vince Velasquez","PHI","SP","589.3","93","($2.4)","($1.4)","($4.2)","($4.0)","($1.5)","($13.4)","$9.3","($3.1)"
"Adam Ottavino","BOS","RP","351.0","57","($3.4)","$2.1","($0.6)","($2.6)","($3.6)","($8.1)","$3.9","($3.1)"
"Reyes Moronta","SFG","RP","566.6","56","($4.3)","$1.2","$0.4","($1.7)","($3.8)","($8.1)","$3.9","($3.2)"
"Stefan Crichton","ARI","RP","339.7","65","($3.8)","$1.7","$0.0","($1.9)","($4.3)","($8.2)","$3.9","($3.2)"
"Carlos Rodon","CHW","SP","491.5","116","($1.5)","($1.4)","($4.8)","($4.4)","($1.4)","($13.5)","$9.3","($3.2)"
"Randy Dobnak","MIN","SP","529.5","97","($1.7)","($1.3)","($2.5)","($4.1)","($4.0)","($13.6)","$9.3","($3.3)"
"Matt Manning","DET","SP","568.7","58","($3.9)","($1.4)","($1.9)","($1.8)","($4.6)","($13.6)","$9.3","($3.3)"
"Nick Wittgren","CLE","RP","386.8","63","($3.6)","$0.3","($0.5)","($0.6)","($3.9)","($8.3)","$3.9","($3.4)"
"Chris Flexen","SEA","SP","583.4","96","($2.4)","($1.4)","($3.2)","($4.6)","($2.3)","($13.8)","$9.3","($3.5)"
"Bryse Wilson","PIT","SP","590.7","68","($3.1)","($1.3)","($2.1)","($3.3)","($4.0)","($13.9)","$9.3","($3.6)"
"Logan Gilbert","SEA","SP","999.0","43","($4.7)","($1.4)","($1.5)","($1.3)","($5.3)","($14.2)","$9.3","($3.8)"
"Brett Anderson","MIL","SP","593.1","121","($0.4)","($1.4)","($3.9)","($5.3)","($3.2)","($14.2)","$9.3","($3.9)"
"Matt Wisler","TBR","RP","593.9","64","($4.6)","($0.5)","$0.3","($0.6)","($3.6)","($8.9)","$3.9","($4.0)"
"Scott Barlow","KCR","RP","570.6","64","($4.0)","$0.4","($0.6)","($1.5)","($3.3)","($9.0)","$3.9","($4.0)"
"J.B. Wendelken","OAK","RP","586.6","66","($3.8)","($1.1)","$0.8","($1.3)","($3.6)","($9.0)","$3.9","($4.0)"
"A.J. Minter","ATL","RP","572.5","58","($3.6)","($0.5)","$0.6","($1.6)","($3.8)","($9.0)","$3.9","($4.1)"
"Madison Bumgarner","ARI","SP","328.5","159","($0.8)","($1.4)","($8.6)","($3.6)","($0.1)","($14.5)","$9.3","($4.2)"
"Connor Brogdon","PHI","RP","600.1","57","($3.8)","($0.4)","($0.8)","($0.5)","($3.6)","($9.2)","$3.9","($4.2)"
"Pierce Johnson","SDP","RP","600.2","51","($3.7)","($1.2)","$0.3","($0.7)","($4.0)","($9.3)","$3.9","($4.3)"
"Corbin Martin","ARI","SP","590.8","55","($4.1)","($1.4)","($1.9)","($2.7)","($4.7)","($14.7)","$9.3","($4.3)"
"Luis Garcia","HOU","SP","590.8","40","($5.1)","($1.3)","($1.3)","($1.6)","($5.4)","($14.7)","$9.3","($4.3)"
"Cal Quantrill","CLE","SP","528.9","91","($2.9)","($1.4)","($3.4)","($3.9)","($3.1)","($14.7)","$9.3","($4.4)"
"Dylan Cease","CHW","SP","317.2","128","$0.1","($1.4)","($5.0)","($7.7)","($0.7)","($14.7)","$9.3","($4.4)"
"Josh Tomlin","ATL","SP/RP","600.7","55","($4.2)","($1.4)","($2.9)","($1.3)","($5.1)","($14.8)","$9.3","($4.5)"
"Darren O'Day","NYY","RP","600.2","53","($3.5)","($1.0)","($0.3)","($0.6)","($4.1)","($9.4)","$3.9","($4.5)"
"Patrick Sandoval","LAA","SP","596.8","62","($4.2)","($1.4)","($2.3)","($2.8)","($4.2)","($14.8)","$9.3","($4.5)"
"Mike Mayers","LAA","RP","570.4","63","($4.1)","($0.3)","($0.3)","($1.2)","($3.6)","($9.5)","$3.9","($4.5)"
"Danny Duffy","LAD","SP","555.3","144","($0.3)","($1.4)","($6.9)","($6.1)","($0.2)","($14.9)","$9.3","($4.6)"
"Jaime Barria","LAA","SP","599.4","59","($4.1)","($1.4)","($3.1)","($1.7)","($4.7)","($15.0)","$9.3","($4.6)"
"Dylan Floro","MIA","RP","599.0","57","($3.4)","($0.9)","$0.8","($1.3)","($4.9)","($9.6)","$3.9","($4.7)"
"Tyler Chatwood","SFG","SP","598.8","71","($3.4)","($0.9)","($2.2)","($5.1)","($3.5)","($15.0)","$9.3","($4.7)"
"Logan Webb","SFG","SP","482.0","123","($1.6)","($1.4)","($3.7)","($6.9)","($1.5)","($15.0)","$9.3","($4.7)"
"Johnny Cueto","SFG","SP","562.2","138","($1.5)","($1.4)","($6.0)","($5.3)","($0.9)","($15.0)","$9.3","($4.7)"
"Kris Bubic","KCR","SP","999.0","115","($2.3)","($1.4)","($3.7)","($6.2)","($1.5)","($15.0)","$9.3","($4.7)"
"Kyle Cody","TEX","SP","600.5","66","($3.8)","($1.4)","($1.7)","($3.9)","($4.4)","($15.2)","$9.3","($4.8)"
"Yusmeiro Petit","OAK","RP","597.4","53","($4.1)","($1.3)","$0.1","$0.6","($5.1)","($9.8)","$3.9","($4.9)"
"Joe Smith","SEA","RP","600.7","51","($4.1)","($1.0)","$0.3","$0.0","($4.9)","($9.8)","$3.9","($4.9)"
"Jose Alvarado","PHI","RP","496.1","56","($4.6)","$0.2","$0.2","($1.9)","($3.7)","($9.9)","$3.9","($4.9)"
"Alex Young","CLE","SP/RP","600.7","55","($4.2)","($1.4)","($2.3)","($2.6)","($4.9)","($15.3)","$9.3","($4.9)"
"Austin Voth","WSN","SP","599.0","68","($4.0)","($1.4)","($3.4)","($2.4)","($4.0)","($15.3)","$9.3","($4.9)"
"Matt Foster","CHW","RP","999.0","53","($3.4)","($1.3)","$0.0","($0.6)","($4.5)","($9.9)","$3.9","($5.0)"
"Mark Melancon","SDP","RP","258.3","57","($4.0)","$1.3","$0.2","($2.4)","($5.0)","($9.9)","$3.9","($5.0)"
"Collin McHugh","TBR","RP","598.9","64","($3.7)","($1.3)","($0.7)","($0.6)","($3.7)","($10.0)","$3.9","($5.0)"
"Eric Lauer","MIL","SP","600.8","53","($4.3)","($1.4)","($2.4)","($2.5)","($4.8)","($15.4)","$9.3","($5.1)"
"Zac Lowther","BAL","SP","999.0","44","($5.0)","($1.4)","($1.7)","($2.0)","($5.4)","($15.5)","$9.3","($5.2)"
"Taylor Clarke","ARI","SP/RP","600.8","68","($3.8)","($1.3)","($3.2)","($3.0)","($4.2)","($15.5)","$9.3","($5.2)"
"Steven Matz","TOR","SP","538.0","129","($0.8)","($1.4)","($7.2)","($5.6)","($0.6)","($15.5)","$9.3","($5.2)"
"Kevin Ginkel","ARI","RP","598.2","58","($4.1)","($0.5)","($0.6)","($1.3)","($3.7)","($10.2)","$3.9","($5.2)"
"Corey Knebel","LAD","RP","577.2","47","($4.4)","($0.8)","($0.2)","($0.5)","($4.3)","($10.3)","$3.9","($5.3)"
"Andrew Miller","STL","RP","593.2","52","($4.3)","($0.5)","($0.2)","($0.9)","($4.3)","($10.3)","$3.9","($5.4)"
"Alec Mills","CHC","SP","541.6","115","($1.3)","($1.4)","($5.8)","($4.9)","($2.3)","($15.7)","$9.3","($5.4)"
"Kyle Wright","ATL","SP","566.7","53","($4.2)","($1.4)","($2.3)","($2.8)","($4.9)","($15.7)","$9.3","($5.4)"
"Nick Margevicius","SEA","SP","600.6","46","($4.7)","($1.4)","($2.3)","($1.8)","($5.5)","($15.7)","$9.3","($5.4)"
"Austin Adams","SDP","RP","600.3","42","($4.6)","($1.3)","$0.6","($0.8)","($4.2)","($10.4)","$3.9","($5.4)"
"Adrian Morejon","SDP","RP","548.0","60","($3.4)","($1.4)","($0.7)","($1.1)","($3.8)","($10.4)","$3.9","($5.4)"
"Jakob Junis","KCR","SP","593.0","99","($2.7)","($1.4)","($5.0)","($3.9)","($2.7)","($15.8)","$9.3","($5.5)"
"Alex Reyes","STL","RP","397.5","55","($4.2)","($0.2)","($0.2)","($2.0)","($3.8)","($10.4)","$3.9","($5.5)"
"Dellin Betances","NYM","RP","600.0","49","($4.7)","($1.0)","($0.2)","($0.6)","($4.0)","($10.5)","$3.9","($5.5)"
"Braxton Garrett","MIA","SP","599.8","43","($4.3)","($1.4)","($2.0)","($2.8)","($5.4)","($15.9)","$9.3","($5.6)"
"Taylor Widener","ARI","SP","599.8","72","($4.0)","($1.4)","($3.5)","($3.7)","($3.3)","($15.9)","$9.3","($5.6)"
"Jonathan Loaisiga","NYY","RP","593.1","61","($3.3)","($1.4)","($1.0)","($1.1)","($3.9)","($10.6)","$3.9","($5.6)"
"Joely Rodriguez","NYY","RP","586.9","56","($4.5)","$0.0","($0.3)","($1.8)","($4.1)","($10.6)","$3.9","($5.7)"
"Rick Porcello","","SP","597.4","106","($2.6)","($1.4)","($5.5)","($3.8)","($2.6)","($16.0)","$9.3","($5.7)"
"Chase Anderson","PHI","SP","596.3","95","($2.6)","($1.4)","($5.2)","($4.2)","($2.6)","($16.0)","$9.3","($5.7)"
"Brandon Bielak","HOU","SP/RP","999.0","44","($4.2)","($1.4)","($2.5)","($2.6)","($5.4)","($16.1)","$9.3","($5.7)"
"Codi Heuer","CHC","RP","598.9","56","($3.3)","($1.2)","$0.3","($2.1)","($4.5)","($10.7)","$3.9","($5.8)"
"Mychal Givens","CIN","RP","590.6","64","($4.1)","$0.7","($2.4)","($1.4)","($3.5)","($10.7)","$3.9","($5.8)"
"Trevor Cahill","PIT","SP","598.4","86","($3.4)","($1.4)","($3.9)","($4.5)","($3.0)","($16.1)","$9.3","($5.8)"
"Rowan Wick","CHC","RP","578.2","55","($4.7)","($0.2)","$0.4","($2.0)","($4.3)","($10.8)","$3.9","($5.8)"
"Brandon Workman","","RP","567.3","57","($3.9)","($0.2)","($0.2)","($2.6)","($3.9)","($10.9)","$3.9","($5.9)"
"Tyler Beede","SFG","SP","600.9","38","($5.0)","($1.4)","($2.0)","($2.3)","($5.6)","($16.2)","$9.3","($5.9)"
"Michael Wacha","TBR","SP","518.6","118","($1.6)","($1.4)","($5.3)","($6.4)","($1.5)","($16.3)","$9.3","($6.0)"
"Ian Kennedy","PHI","RP","470.1","45","($5.0)","$2.0","($1.7)","($1.3)","($4.9)","($10.9)","$3.9","($6.0)"
"Phil Maton","HOU","RP","600.3","59","($3.8)","($1.1)","($0.9)","($1.3)","($3.8)","($10.9)","$3.9","($6.0)"
"Tyler Rogers","SFG","RP","586.3","63","($3.4)","($0.1)","($0.2)","($2.7)","($4.6)","($11.0)","$3.9","($6.0)"
"Enoli Paredes","HOU","RP","595.5","59","($3.6)","($0.6)","($0.6)","($2.2)","($3.9)","($11.0)","$3.9","($6.1)"
"Will Harris","WSN","RP","600.8","42","($5.0)","($1.1)","$0.7","($0.6)","($5.1)","($11.0)","$3.9","($6.1)"
"Daniel Hudson","SDP","RP","567.0","59","($3.5)","$0.2","($1.8)","($2.0)","($3.9)","($11.1)","$3.9","($6.1)"
"Cody Stashak","MIN","RP","601.0","54","($4.0)","($1.3)","($0.9)","($0.3)","($4.5)","($11.1)","$3.9","($6.1)"
"Jesse Hahn","KCR","RP","598.6","56","($4.5)","($0.3)","$0.2","($2.0)","($4.5)","($11.1)","$3.9","($6.2)"
"Tanner Houck","BOS","SP","548.4","75","($2.6)","($1.4)","($3.5)","($5.3)","($3.7)","($16.5)","$9.3","($6.2)"
"Casey Mize","DET","SP","436.4","116","($2.2)","($1.4)","($6.4)","($4.5)","($2.0)","($16.5)","$9.3","($6.2)"
"Evan Marshall","CHW","RP","599.5","56","($4.0)","($1.0)","$0.2","($1.9)","($4.5)","($11.1)","$3.9","($6.2)"
"Jose Cisnero","DET","RP","596.9","61","($4.3)","$0.0","($0.7)","($2.2)","($4.0)","($11.2)","$3.9","($6.2)"
"Connor Seabold","BOS","SP","999.0","39","($4.9)","($1.4)","($2.5)","($2.0)","($5.7)","($16.5)","$9.3","($6.2)"
"David Phelps","TOR","RP","600.3","56","($3.4)","($1.1)","($0.8)","($1.9)","($4.0)","($11.2)","$3.9","($6.3)"
"Steven Brault","PIT","SP","572.0","85","($3.6)","($1.4)","($3.1)","($5.3)","($3.4)","($16.6)","$9.3","($6.3)"
"Jorge Alcala","MIN","RP","599.8","59","($3.9)","($0.5)","($0.7)","($2.1)","($4.1)","($11.3)","$3.9","($6.4)"
"Genesis Cabrera","STL","RP","600.5","49","($4.2)","($1.0)","($0.2)","($1.5)","($4.4)","($11.3)","$3.9","($6.4)"
"Michael Kopech","CHW","RP","430.0","69","($3.3)","($1.4)","($1.5)","($1.9)","($3.2)","($11.3)","$3.9","($6.4)"
"Kolby Allard","TEX","SP","600.6","43","($4.9)","($1.4)","($2.2)","($2.7)","($5.5)","($16.7)","$9.3","($6.4)"
"Sam Selman","LAA","RP","999.0","44","($4.7)","($1.1)","$0.4","($1.4)","($4.6)","($11.3)","$3.9","($6.4)"
"Aaron Loup","NYM","RP","600.9","47","($4.6)","($1.3)","$0.5","($1.1)","($4.9)","($11.4)","$3.9","($6.5)"
"John Curtiss","MIL","RP","597.8","57","($4.0)","($1.2)","($0.2)","($1.8)","($4.3)","($11.5)","$3.9","($6.5)"
"Andrew Chafin","OAK","RP","999.0","51","($4.5)","($0.8)","($0.4)","($1.6)","($4.2)","($11.5)","$3.9","($6.5)"
"Jake Arrieta","CHC","SP","530.5","126","($0.7)","($1.4)","($5.7)","($7.1)","($2.0)","($16.9)","$9.3","($6.6)"
"Mike Fiers","OAK","SP","585.8","130","($0.5)","($1.4)","($7.0)","($5.5)","($2.6)","($16.9)","$9.3","($6.6)"
"Drew Rasmussen","TBR","RP","600.8","60","($4.0)","($1.3)","($0.9)","($1.8)","($3.5)","($11.5)","$3.9","($6.6)"
"Adam Kolarek","OAK","RP","600.8","46","($4.0)","($1.1)","$0.6","($1.4)","($5.6)","($11.5)","$3.9","($6.6)"
"Matt Strahm","SDP","RP","600.9","43","($4.8)","($1.4)","($0.2)","$0.0","($5.2)","($11.6)","$3.9","($6.6)"
"Cole Hamels","LAD","SP","598.2","96","($3.5)","($1.4)","($4.5)","($4.8)","($2.8)","($16.9)","$9.3","($6.6)"
"Felix Pena","LAA","RP","601.0","65","($3.7)","($1.1)","($1.2)","($1.8)","($3.8)","($11.6)","$3.9","($6.6)"
"Homer Bailey","OAK","SP","599.8","36","($5.2)","($1.4)","($2.2)","($2.2)","($6.0)","($17.0)","$9.3","($6.7)"
"Reynaldo Lopez","CHW","SP","599.1","67","($4.1)","($1.4)","($4.1)","($3.2)","($4.2)","($17.0)","$9.3","($6.7)"
"Tim Hill","SDP","RP","999.0","41","($4.6)","($1.1)","$0.3","($1.0)","($5.3)","($11.7)","$3.9","($6.7)"
"Carlos Hernandez","KCR","SP","999.0","38","($5.0)","($1.4)","($2.3)","($2.7)","($5.7)","($17.1)","$9.3","($6.7)"
"Cody Ponce","PIT","SP","600.7","57","($4.3)","($1.4)","($3.1)","($3.4)","($4.9)","($17.1)","$9.3","($6.7)"
"Pedro Baez","HOU","RP","598.0","52","($4.3)","($1.0)","($0.6)","($1.0)","($4.9)","($11.8)","$3.9","($6.8)"
"Joe Kelly","LAD","RP","600.5","42","($4.2)","($1.1)","$0.2","($1.6)","($5.1)","($11.8)","$3.9","($6.9)"
"Sergio Romo","OAK","RP","595.6","55","($4.6)","($0.7)","($1.3)","($0.9)","($4.5)","($11.9)","$3.9","($7.0)"
"Mike Foltynewicz","TEX","SP","558.1","121","($1.7)","($1.4)","($6.9)","($5.8)","($1.6)","($17.4)","$9.3","($7.1)"
"Craig Stammen","SDP","RP","601.0","46","($4.1)","($1.3)","($0.5)","($0.8)","($5.3)","($12.0)","$3.9","($7.1)"
"Wade Miley","CIN","SP","598.1","129","($0.8)","($1.4)","($5.1)","($8.6)","($1.5)","($17.4)","$9.3","($7.1)"
"Chad Kuhl","PIT","SP","575.5","136","($1.3)","($1.4)","($6.1)","($8.2)","($0.5)","($17.5)","$9.3","($7.2)"
"Sean Doolittle","CIN","RP","576.3","45","($4.4)","($0.1)","($1.8)","($0.8)","($5.0)","($12.1)","$3.9","($7.2)"
"Joe Jimenez","DET","RP","586.3","46","($4.6)","$0.1","($1.9)","($1.0)","($4.7)","($12.1)","$3.9","($7.2)"
"Matt Moore","PHI","SP","564.6","127","($1.6)","($1.4)","($7.4)","($6.1)","($1.1)","($17.5)","$9.3","($7.2)"
"Justin Dunn","SEA","SP","582.8","104","($2.0)","($1.4)","($6.1)","($5.8)","($2.3)","($17.5)","$9.3","($7.2)"
"Mike Leake","","SP","600.6","59","($4.8)","($1.4)","($3.4)","($2.5)","($5.5)","($17.6)","$9.3","($7.2)"
"Alex Cobb","LAA","SP","563.8","141","($0.7)","($1.4)","($7.1)","($6.7)","($1.8)","($17.6)","$9.3","($7.3)"
"Anthony Misiewicz","SEA","RP","600.8","58","($4.8)","($0.9)","($0.8)","($1.5)","($4.2)","($12.2)","$3.9","($7.3)"
"Jeff Hoffman","CIN","SP","599.1","78","($3.4)","($1.3)","($5.3)","($4.4)","($3.2)","($17.6)","$9.3","($7.3)"
"T.J. Zeuch","STL","SP","999.0","40","($4.7)","($1.4)","($2.2)","($3.2)","($6.3)","($17.7)","$9.3","($7.4)"
"Jon Gray","COL","SP","564.2","149","$0.1","($1.4)","($9.1)","($7.1)","($0.3)","($17.7)","$9.3","($7.4)"
"Justin Topa","MIL","RP","600.8","39","($5.2)","($1.3)","$0.3","($0.7)","($5.4)","($12.4)","$3.9","($7.4)"
"Lou Trivino","OAK","RP","597.0","61","($4.1)","($1.2)","($1.1)","($2.0)","($4.1)","($12.4)","$3.9","($7.5)"
"Josh Staumont","KCR","RP","535.7","62","($4.1)","$0.1","($0.6)","($4.7)","($3.2)","($12.5)","$3.9","($7.5)"
"Trevor Williams","NYM","SP","587.3","128","($1.1)","($1.4)","($7.3)","($6.6)","($1.6)","($17.9)","$9.3","($7.6)"
"Keegan Akin","BAL","SP","586.1","87","($3.1)","($1.4)","($5.0)","($5.8)","($2.6)","($18.0)","$9.3","($7.6)"
"Justin Wilson","CIN","RP","600.9","47","($4.3)","($1.2)","($0.2)","($2.4)","($4.5)","($12.6)","$3.9","($7.7)"
"Wander Suero","WSN","RP","999.0","58","($3.6)","($1.3)","($1.6)","($2.0)","($4.2)","($12.6)","$3.9","($7.7)"
"Tyler Anderson","SEA","SP","596.2","134","($1.8)","($1.4)","($7.2)","($6.6)","($1.1)","($18.1)","$9.3","($7.8)"
"Nick Neidert","MIA","SP","600.9","70","($3.8)","($1.4)","($3.7)","($4.8)","($4.4)","($18.1)","$9.3","($7.8)"
"Miguel Castro","NYM","RP","999.0","55","($4.5)","($1.1)","($0.2)","($2.8)","($4.1)","($12.7)","$3.9","($7.8)"
"Tony Watson","SFG","RP","599.7","44","($4.8)","($1.0)","($0.9)","($0.5)","($5.6)","($12.8)","$3.9","($7.8)"
"Dean Kremer","BAL","SP","574.0","128","($1.5)","($1.4)","($7.0)","($7.5)","($0.8)","($18.2)","$9.3","($7.9)"
"Hunter Harvey","BAL","RP","508.7","38","($5.4)","$0.6","($1.2)","($1.3)","($5.6)","($12.8)","$3.9","($7.9)"
"Oliver Perez","","RP","999.0","37","($5.1)","($1.2)","($0.4)","($0.5)","($5.6)","($12.8)","$3.9","($7.9)"
"Michael Fulmer","DET","SP","598.8","94","($3.2)","($1.4)","($5.9)","($4.2)","($3.6)","($18.2)","$9.3","($7.9)"
"Blake Taylor","HOU","RP","600.7","55","($3.9)","($0.9)","($0.5)","($2.9)","($4.7)","($12.9)","$3.9","($7.9)"
"Ty Buttrey","","RP","595.9","46","($4.3)","($1.0)","($0.8)","($1.7)","($5.1)","($12.9)","$3.9","($8.0)"
"Daulton Jefferies","OAK","RP","522.1","63","($4.0)","($1.4)","($1.8)","($1.4)","($4.3)","($12.9)","$3.9","($8.0)"
"Brandon Kintzler","","RP","545.0","59","($4.0)","($0.5)","($0.6)","($2.8)","($5.1)","($12.9)","$3.9","($8.0)"
"Aaron Sanchez","SFG","SP","570.8","78","($3.7)","($1.3)","($3.8)","($5.7)","($3.9)","($18.3)","$9.3","($8.0)"
"Richard Bleier","MIA","RP","999.0","49","($4.5)","($1.3)","$0.1","($1.5)","($5.9)","($13.0)","$3.9","($8.1)"
"Tyler Webb","STL","RP","999.0","51","($4.7)","($1.2)","($0.7)","($1.5)","($5.0)","($13.0)","$3.9","($8.1)"
"Jason Adam","CHC","RP","599.7","49","($4.1)","($1.3)","($1.1)","($2.3)","($4.4)","($13.0)","$3.9","($8.1)"
"Cesar Valdez","BAL","RP","584.8","61","($4.7)","$0.3","($1.6)","($2.1)","($5.0)","($13.1)","$3.9","($8.1)"
"Johan Oviedo","STL","SP","600.6","36","($5.2)","($1.4)","($2.7)","($3.3)","($5.9)","($18.5)","$9.3","($8.2)"
"Ryan Brasier","BOS","RP","600.9","54","($4.5)","($1.1)","($1.4)","($1.7)","($4.4)","($13.2)","$3.9","($8.2)"
"Cody Reed","TBR","RP","999.0","39","($5.1)","($1.3)","$0.0","($1.4)","($5.3)","($13.2)","$3.9","($8.2)"
"Jon Lester","STL","SP","559.5","136","($0.6)","($1.4)","($7.8)","($7.5)","($1.3)","($18.6)","$9.3","($8.2)"
"Daniel Norris","MIL","RP","599.7","64","($4.2)","($1.3)","($1.6)","($1.9)","($4.2)","($13.2)","$3.9","($8.3)"
"Logan Allen","CLE","SP","538.3","107","($1.9)","($1.4)","($5.2)","($7.8)","($2.4)","($18.7)","$9.3","($8.4)"
"Jarlin Garcia","SFG","RP","600.6","53","($4.2)","($0.9)","($0.8)","($2.3)","($5.2)","($13.3)","$3.9","($8.4)"
"Nick Pivetta","BOS","SP","555.8","100","($2.1)","($1.4)","($7.0)","($6.1)","($2.2)","($18.7)","$9.3","($8.4)"
"Gregory Soto","DET","RP","405.8","60","($4.9)","$1.7","($2.0)","($4.1)","($4.0)","($13.4)","$3.9","($8.4)"
"J.P. Feyereisen","TBR","RP","999.0","46","($4.3)","($1.3)","($1.2)","($1.8)","($4.8)","($13.4)","$3.9","($8.4)"
"Ryan Tepera","CHW","RP","600.2","46","($4.8)","($1.1)","($0.9)","($1.8)","($4.7)","($13.4)","$3.9","($8.5)"
"Grant Dayton","ATL","RP","999.0","45","($5.0)","($1.3)","($1.3)","($0.9)","($4.8)","($13.5)","$3.9","($8.5)"
"Anibal Sanchez","","SP","600.8","75","($3.8)","($1.4)","($5.4)","($4.1)","($4.1)","($18.9)","$9.3","($8.6)"
"Ryan Helsley","STL","RP","600.8","50","($4.4)","($1.1)","($1.2)","($2.0)","($4.8)","($13.5)","$3.9","($8.6)"
"Ryan Thompson","TBR","RP","999.0","61","($4.6)","($0.8)","($1.1)","($2.4)","($4.6)","($13.6)","$3.9","($8.6)"
"Kyle Finnegan","WSN","RP","999.0","52","($4.6)","($1.3)","($0.5)","($2.7)","($4.4)","($13.6)","$3.9","($8.6)"
"Chaz Roe","TBR","RP","601.0","49","($4.6)","($0.8)","($1.2)","($2.3)","($4.7)","($13.6)","$3.9","($8.6)"
"Caleb Thielbar","MIN","RP","999.0","53","($4.3)","($1.3)","($1.0)","($2.2)","($4.8)","($13.6)","$3.9","($8.7)"
"Shawn Armstrong","TBR","RP","599.6","51","($4.7)","($1.0)","($1.3)","($2.0)","($4.7)","($13.7)","$3.9","($8.7)"
"Jimmy Nelson","LAD","RP","597.4","39","($4.6)","($1.4)","($0.9)","($1.5)","($5.3)","($13.7)","$3.9","($8.7)"
"Eric Yardley","MIL","RP","999.0","55","($4.8)","($1.3)","$0.0","($2.3)","($5.3)","($13.7)","$3.9","($8.8)"
"Jose Alvarez","SFG","RP","999.0","36","($5.3)","($1.3)","$0.0","($1.3)","($5.8)","($13.7)","$3.9","($8.8)"
"Keynan Middleton","SEA","RP","600.3","46","($5.1)","($0.8)","($0.8)","($2.1)","($5.0)","($13.8)","$3.9","($8.9)"
"Kyle Gibson","PHI","SP","555.8","167","$0.3","($1.4)","($8.4)","($10.4)","$0.7","($19.2)","$9.3","($8.9)"
"Shane McClanahan","TBR","RP","999.0","51","($4.4)","($1.3)","($1.2)","($2.4)","($4.6)","($13.9)","$3.9","($8.9)"
"Luis Patino","TBR","RP","560.8","53","($4.0)","($1.4)","($1.3)","($2.8)","($4.4)","($13.9)","$3.9","($8.9)"
"Matt Andriese","BOS","RP","599.7","68","($3.7)","($1.3)","($2.6)","($2.7)","($3.8)","($14.0)","$3.9","($9.1)"
"Ray Black","MIL","RP","600.9","37","($5.2)","($1.4)","($1.1)","($1.3)","($5.1)","($14.0)","$3.9","($9.1)"
"Matt Bush","TEX","RP","537.9","37","($5.0)","($0.2)","($1.3)","($1.9)","($5.6)","($14.0)","$3.9","($9.1)"
"Julian Merryweather","TOR","RP","597.6","57","($4.5)","($1.1)","($1.8)","($2.5)","($4.3)","($14.1)","$3.9","($9.1)"
"Darwinzon Hernandez","BOS","RP","596.7","55","($4.5)","($1.1)","($0.6)","($4.5)","($3.4)","($14.1)","$3.9","($9.1)"
"Luke Jackson","ATL","RP","600.5","40","($4.6)","($1.2)","($0.9)","($2.2)","($5.3)","($14.1)","$3.9","($9.2)"
"Jace Fry","CHW","RP","999.0","42","($5.2)","($0.9)","($1.0)","($2.2)","($4.9)","($14.1)","$3.9","($9.2)"
"Brett Martin","TEX","RP","999.0","56","($4.6)","($1.3)","($0.7)","($2.8)","($4.7)","($14.2)","$3.9","($9.2)"
"Ryan Borucki","TOR","RP","600.8","50","($4.6)","($1.3)","($1.0)","($2.3)","($4.9)","($14.2)","$3.9","($9.2)"
"Buck Farmer","DET","RP","600.8","62","($3.8)","($0.8)","($2.0)","($3.0)","($4.6)","($14.2)","$3.9","($9.2)"
"Chris Devenski","ARI","RP","600.0","38","($5.3)","($1.3)","($1.4)","($0.8)","($5.4)","($14.2)","$3.9","($9.2)"
"Steve Cishek","LAA","RP","600.6","43","($4.9)","($1.2)","($1.2)","($1.4)","($5.4)","($14.2)","$3.9","($9.2)"
"Ryan Sherriff","TBR","RP","999.0","45","($4.5)","($1.2)","($0.5)","($2.2)","($5.8)","($14.2)","$3.9","($9.3)"
"Jeurys Familia","NYM","RP","600.9","46","($4.5)","($1.1)","($0.6)","($3.1)","($5.0)","($14.2)","$3.9","($9.3)"
"Austin Gomber","COL","SP","555.5","113","($2.2)","($1.4)","($6.4)","($7.8)","($1.9)","($19.6)","$9.3","($9.3)"
"Bryan Garcia","DET","RP","501.2","54","($4.1)","$1.1","($2.0)","($4.1)","($5.2)","($14.3)","$3.9","($9.4)"
"Michael Baumann","BAL","SP","600.7","51","($4.7)","($1.4)","($4.1)","($4.1)","($5.4)","($19.7)","$9.3","($9.4)"
"Chasen Shreve","PIT","RP","999.0","39","($5.3)","($1.4)","($0.8)","($1.8)","($5.1)","($14.3)","$3.9","($9.4)"
"Jeff Samardzija","","SP","600.8","62","($4.9)","($1.4)","($5.2)","($3.3)","($5.1)","($19.8)","$9.3","($9.4)"
"Sam Howard","PIT","RP","999.0","41","($4.7)","($1.4)","($1.0)","($2.3)","($5.1)","($14.5)","$3.9","($9.5)"
"Josh Taylor","BOS","RP","999.0","48","($4.4)","($1.3)","($1.3)","($2.8)","($4.7)","($14.5)","$3.9","($9.5)"
"Hansel Robles","BOS","RP","600.0","48","($4.7)","($1.2)","($1.8)","($2.0)","($4.8)","($14.5)","$3.9","($9.5)"
"Michael King","NYY","RP","600.9","45","($4.7)","($1.4)","($1.9)","($1.2)","($5.3)","($14.5)","$3.9","($9.6)"
"Cole Sulser","BAL","RP","600.2","48","($4.6)","($0.2)","($2.0)","($2.8)","($4.9)","($14.6)","$3.9","($9.6)"
"Michael Feliz","CIN","RP","600.6","50","($4.7)","($0.9)","($2.2)","($2.4)","($4.3)","($14.6)","$3.9","($9.6)"
"Kyle McGowin","WSN","RP","999.0","42","($5.3)","($1.4)","($1.4)","($1.5)","($5.2)","($14.7)","$3.9","($9.7)"
"Tanner Roark","ATL","SP","592.7","133","($0.8)","($1.4)","($8.8)","($7.8)","($1.3)","($20.1)","$9.3","($9.8)"
"Chris Stratton","PIT","RP","599.9","61","($4.5)","($0.8)","($2.1)","($3.2)","($4.1)","($14.7)","$3.9","($9.8)"
"Dillon Tate","BAL","RP","600.8","56","($4.7)","($1.1)","($1.8)","($2.1)","($5.0)","($14.7)","$3.9","($9.8)"
"Joe Ross","WSN","SP","586.5","110","($1.8)","($1.4)","($6.7)","($7.9)","($2.4)","($20.1)","$9.3","($9.8)"
"Gio Gonzalez","","RP","601.0","40","($5.1)","($1.4)","($0.7)","($2.3)","($5.3)","($14.8)","$3.9","($9.8)"
"Adam Cimber","TOR","RP","999.0","45","($4.6)","($1.3)","($1.1)","($1.9)","($5.9)","($14.8)","$3.9","($9.8)"
"Wade LeBlanc","STL","SP","999.0","59","($4.5)","($1.4)","($5.1)","($3.9)","($5.3)","($20.2)","$9.3","($9.9)"
"Tyler Alexander","DET","RP","600.2","46","($4.8)","($1.4)","($1.9)","($1.4)","($5.4)","($14.8)","$3.9","($9.9)"
"Erick Fedde","WSN","SP","600.8","77","($3.4)","($1.4)","($4.4)","($6.4)","($4.6)","($20.2)","$9.3","($9.9)"
"Felix Hernandez","","SP","600.8","55","($4.9)","($1.4)","($5.3)","($3.6)","($5.1)","($20.3)","$9.3","($9.9)"
"Jose Urena","DET","SP","596.4","108","($2.4)","($1.4)","($6.9)","($6.5)","($3.1)","($20.3)","$9.3","($9.9)"
"Kyle Crick","CHW","RP","567.9","59","($4.8)","($0.1)","($1.9)","($4.0)","($4.1)","($14.9)","$3.9","($10.0)"
"Duane Underwood Jr.","PIT","RP","999.0","48","($5.0)","($1.4)","($1.7)","($2.3)","($4.7)","($15.0)","$3.9","($10.1)"
"Alex Claudio","","RP","999.0","54","($4.7)","($1.2)","($0.9)","($2.8)","($5.5)","($15.0)","$3.9","($10.1)"
"Casey Sadler","SEA","RP","999.0","56","($4.2)","($1.3)","($1.7)","($3.1)","($4.8)","($15.1)","$3.9","($10.2)"
"Wandy Peralta","NYY","RP","999.0","37","($5.2)","($1.3)","($0.7)","($2.1)","($5.8)","($15.2)","$3.9","($10.2)"
"Junior Guerra","LAA","RP","999.0","35","($5.0)","($1.4)","($1.1)","($1.9)","($5.8)","($15.2)","$3.9","($10.2)"
"James Hoyt","LAA","RP","600.8","36","($5.2)","($1.3)","($0.6)","($2.7)","($5.4)","($15.2)","$3.9","($10.3)"
"Trent Thornton","TOR","RP","600.9","68","($3.7)","($1.4)","($3.4)","($2.7)","($4.0)","($15.2)","$3.9","($10.3)"
"Luis Cessa","CIN","RP","999.0","53","($5.1)","($1.3)","($1.7)","($2.2)","($5.0)","($15.3)","$3.9","($10.3)"
"Kendall Graveman","HOU","RP","594.4","59","($4.5)","($0.9)","($2.1)","($2.9)","($4.9)","($15.4)","$3.9","($10.4)"
"Austin Brice","BOS","RP","999.0","47","($4.7)","($1.3)","($2.0)","($2.6)","($4.9)","($15.5)","$3.9","($10.6)"
"Hirokazu Sawamura","BOS","RP","999.0","53","($5.5)","($1.1)","($1.1)","($3.4)","($4.6)","($15.6)","$3.9","($10.7)"
"Robert Stephenson","COL","RP","601.0","58","($4.4)","($1.1)","($3.4)","($2.9)","($3.9)","($15.7)","$3.9","($10.7)"
"Devin Smeltzer","MIN","RP","600.8","42","($4.4)","($1.3)","($2.3)","($2.0)","($5.7)","($15.7)","$3.9","($10.7)"
"Yoan Lopez","ATL","RP","600.9","45","($5.2)","($1.2)","($1.9)","($2.0)","($5.4)","($15.7)","$3.9","($10.8)"
"Kyle Freeland","COL","SP","576.9","116","($2.3)","($1.4)","($7.1)","($7.7)","($2.7)","($21.1)","$9.3","($10.8)"
"Kyle Zimmer","KCR","RP","601.0","56","($4.7)","($1.0)","($1.9)","($3.9)","($4.3)","($15.8)","$3.9","($10.9)"
"Andre Scrubb","HOU","RP","999.0","38","($4.9)","($1.3)","($0.8)","($3.4)","($5.4)","($15.8)","$3.9","($10.9)"
"Nick Nelson","NYY","RP","999.0","51","($4.3)","($1.3)","($1.9)","($3.8)","($4.6)","($15.9)","$3.9","($11.0)"
"Anthony Kay","TOR","RP","600.2","47","($4.2)","($1.4)","($1.9)","($3.5)","($5.0)","($15.9)","$3.9","($11.0)"
"John King","TEX","RP","600.3","43","($4.9)","($1.3)","($1.6)","($2.6)","($5.5)","($15.9)","$3.9","($11.0)"
"Carlos Estevez","COL","RP","999.0","53","($4.6)","($1.1)","($2.8)","($3.1)","($4.4)","($16.0)","$3.9","($11.1)"
"Trevor Stephan","CLE","RP","999.0","42","($5.0)","($1.3)","($2.2)","($2.4)","($5.2)","($16.0)","$3.9","($11.1)"
"David Hale","","RP","999.0","47","($4.7)","($1.3)","($1.6)","($3.1)","($5.5)","($16.2)","$3.9","($11.2)"
"Lewis Thorpe","MIN","RP","999.0","58","($4.3)","($1.4)","($2.9)","($3.1)","($4.6)","($16.2)","$3.9","($11.3)"
"Wil Crowe","PIT","SP","999.0","58","($4.8)","($1.4)","($4.9)","($5.8)","($5.0)","($21.8)","$9.3","($11.5)"
"Taylor Hearn","TEX","RP","600.2","70","($4.2)","($1.2)","($2.7)","($5.1)","($3.1)","($16.4)","$3.9","($11.5)"
"Jordan Lyles","TEX","SP","599.0","110","($2.8)","($1.4)","($8.3)","($6.9)","($2.6)","($22.0)","$9.3","($11.7)"
"Jake Newberry","KCR","RP","999.0","41","($4.9)","($1.3)","($1.9)","($3.4)","($5.4)","($16.9)","$3.9","($11.9)"
"Ross Detwiler","MIA","RP","999.0","39","($5.3)","($1.4)","($1.7)","($2.8)","($6.0)","($17.2)","$3.9","($12.2)"
"Bruce Zimmermann","BAL","SP","999.0","109","($2.7)","($1.4)","($7.4)","($8.4)","($2.7)","($22.5)","$9.3","($12.2)"
"Dan Winkler","CHC","RP","601.0","43","($5.4)","($1.3)","($1.7)","($3.6)","($5.3)","($17.2)","$3.9","($12.2)"
"Jake Woodford","STL","RP","999.0","39","($4.8)","($1.3)","($2.6)","($2.6)","($5.9)","($17.2)","$3.9","($12.3)"
"Chi Chi Gonzalez","COL","SP","999.0","47","($5.2)","($1.4)","($5.2)","($5.3)","($5.6)","($22.6)","$9.3","($12.3)"
"Travis Lakins","BAL","RP","999.0","51","($4.4)","($1.3)","($2.3)","($4.3)","($5.0)","($17.4)","$3.9","($12.4)"
"Jairo Diaz","COL","RP","600.3","44","($4.6)","($1.2)","($2.8)","($3.5)","($5.3)","($17.4)","$3.9","($12.5)"
"Julio Teheran","DET","SP","575.7","106","($3.1)","($1.4)","($8.8)","($6.7)","($2.8)","($22.9)","$9.3","($12.5)"
"Martin Perez","BOS","SP","588.3","140","($0.6)","($1.4)","($8.3)","($11.1)","($1.5)","($23.0)","$9.3","($12.6)"
"Jose De Leon","","RP","594.3","62","($4.4)","($1.4)","($3.9)","($4.7)","($3.3)","($17.7)","$3.9","($12.8)"
"Wes Benjamin","TEX","RP","999.0","51","($4.5)","($1.4)","($3.5)","($3.6)","($5.1)","($18.1)","$3.9","($13.2)"
"Jorge Lopez","BAL","SP","600.8","98","($3.2)","($1.4)","($8.7)","($7.1)","($3.2)","($23.6)","$9.3","($13.3)"
"Tyler Kinley","COL","RP","999.0","52","($5.0)","($1.1)","($3.4)","($4.4)","($4.5)","($18.5)","$3.9","($13.5)"
"Ryan Castellani","COL","SP","999.0","41","($5.3)","($1.4)","($6.1)","($5.2)","($5.9)","($23.8)","$9.3","($13.5)"
"Yency Almonte","COL","RP","600.8","57","($4.3)","($1.3)","($3.9)","($4.9)","($4.8)","($19.2)","$3.9","($14.3)"
"Adam Plutko","BAL","RP","600.4","68","($4.3)","($1.2)","($5.6)","($3.8)","($4.8)","($19.8)","$3.9","($14.9)"
"Antonio Senzatela","COL","SP","577.3","156","($0.2)","($1.4)","($10.9)","($11.9)","($1.8)","($26.2)","$9.3","($15.8)"
