"Player","Team","Positions","AB","R","HR","RBI","SB","AVG","OBP","H","2B","3B","BB","SO","SLG","OPS"
"Ronald Acuna Jr.","ATL","LF,CF,RF","581","118","39","97","28",".281",".367","161","29","3","83","174",".537",".903"
"Mookie Betts","LAD","CF,RF","583","121","33","91","22",".293",".376","168","35","4","82","104",".532",".908"
"Fernando Tatis Jr.","SD","SS","573","109","35","97","26",".288",".352","162","28","6","61","163",".538",".890"
"Juan Soto","WSH","LF,RF","542","112","38","115","13",".306",".419","163","35","3","111","120",".583","1.001"
"Mike Trout","LAA","CF","521","112","43","110","11",".293",".411","149","27","4","112","142",".600","1.012"
"Trea Turner","WSH","SS","601","105","24","78","33",".294",".349","175","35","7","54","118",".494",".842"
"Christian Yelich","MIL","LF,RF","551","103","35","93","18",".284",".380","153","29","3","90","155",".537",".916"
"Jose Ramirez","CLE","3B","559","98","33","102","24",".282",".361","155","39","4","72","94",".541",".902"
"Trevor Story","COL","SS","588","99","33","87","26",".280",".342","163","35","6","58","170",".526",".867"
"Freddie Freeman","ATL","1B","568","105","32","108","6",".303",".391","169","39","2","87","118",".543",".934"
"Bryce Harper","PHI","RF,DH","538","102","36","103","15",".267",".387","140","29","2","111","157",".524",".911"
"Cody Bellinger","LAD","1B,CF,RF","549","100","37","107","14",".282",".371","152","31","4","82","121",".550",".921"
"Francisco Lindor","NYM","SS","607","97","30","85","19",".275",".334","165","35","2","57","105",".483",".817"
"Manny Machado","SD","3B,SS","588","93","34","105","10",".279",".347","162","29","2","65","113",".507",".854"
"Bo Bichette","TOR","SS","581","91","23","86","22",".286",".331","164","40","4","42","125",".489",".820"
"Xander Bogaerts","BOS","SS","570","95","28","94","10",".292",".360","164","37","2","64","115",".506",".866"
"Anthony Rendon","LAA","3B","543","91","28","100","3",".292",".378","156","37","2","80","93",".519",".897"
"Adalberto Mondesi","KC","SS","537","78","17","66","51",".256",".292","136","26","8","29","164",".427",".719"
"Jose Abreu","CWS","1B","585","86","33","112","2",".281",".325","163","34","2","41","139",".512",".837"
"Ozzie Albies","ATL","2B","594","93","24","84","15",".281",".331","165","36","5","46","115",".479",".810"
"Corey Seager","LAD","SS","561","96","29","99","4",".291",".351","161","37","2","55","111",".516",".867"
"Rafael Devers","BOS","3B","597","97","31","102","5",".281",".332","166","40","3","48","138",".512",".844"
"Alex Bregman","HOU","3B,SS","546","98","30","98","5",".284",".383","152","37","2","93","88",".520",".902"
"Kyle Tucker","HOU","LF,RF,DH","563","91","27","93","21",".267",".328","149","31","6","53","136",".486",".814"
"DJ LeMahieu","NYY","1B,2B,3B","579","99","21","77","6",".307",".357","176","29","3","49","86",".474",".831"
"Eloy Jimenez","CWS","LF","567","83","35","105","1",".286",".331","161","32","2","40","142",".532",".863"
"Marcell Ozuna","ATL","LF,DH","564","88","33","107","5",".283",".355","158","28","2","66","136",".510",".864"
"Nolan Arenado","STL","3B","573","86","32","99","2",".278",".345","157","30","2","61","96",".500",".845"
"George Springer","TOR","CF,RF","544","102","34","92","6",".275",".351","147","24","3","68","127",".511",".863"
"Luis Robert","CWS","CF","553","86","28","83","23",".258",".308","141","27","4","42","171",".468",".776"
"Tim Anderson","CWS","SS","595","93","22","70","17",".288",".316","170","33","3","27","139",".463",".779"
"Whit Merrifield","KC","2B,CF,RF","610","90","16","68","25",".286",".329","173","34","4","42","104",".437",".766"
"Starling Marte","MIA","CF","569","83","19","70","23",".274",".312","154","29","4","34","116",".439",".751"
"Aaron Judge","NYY","RF","490","95","36","89","5",".264",".364","127","21","1","81","172",".528",".892"
"J.T. Realmuto","PHI","C","490","75","23","78","7",".270",".321","130","26","2","40","121",".473",".794"
"Pete Alonso","NYM","1B,DH","550","90","42","106","2",".250",".327","135","25","1","67","165",".525",".853"
"Vladimir Guerrero Jr.","TOR","1B,3B,DH","554","85","27","97","3",".292",".354","160","32","4","56","100",".505",".858"
"Randy Arozarena","TB","LF","518","82","24","75","18",".270",".327","138","27","3","47","137",".474",".801"
"Luke Voit","NYY","1B","521","86","34","96","1",".267",".340","137","23","1","61","146",".506",".846"
"Yordan Alvarez","HOU","LF,DH","481","81","33","98","3",".281",".363","134","28","1","65","138",".552",".916"
"Javier Baez","CHC","SS","600","85","28","92","13",".262",".296","156","33","4","31","179",".471",".767"
"J.D. Martinez","BOS","LF,RF,DH","549","85","31","98","3",".277",".348","149","31","2","64","146",".508",".856"
"Nelson Cruz","MIN","DH,Util","496","76","33","89","1",".268",".340","131","22","1","57","142",".520",".860"
"Gleyber Torres","NYY","2B,SS","537","84","30","91","6",".275",".345","146","26","1","60","124",".496",".841"
"Michael Conforto","NYM","CF,RF","542","91","29","91","7",".267",".354","142","28","1","77","152",".480",".833"
"Eugenio Suarez","CIN","3B","555","87","38","104","4",".255",".338","139","24","2","74","174",".508",".846"
"Keston Hiura","MIL","2B,DH","549","80","29","84","11",".255",".307","139","27","2","43","178",".469",".776"
"Charlie Blackmon","COL","RF","553","88","24","80","5",".293",".345","160","30","5","46","113",".492",".836"
"Nick Castellanos","CIN","LF,RF","586","92","29","86","3",".270",".322","157","41","4","48","157",".501",".823"
"Paul Goldschmidt","STL","1B","555","88","27","83","4",".274",".364","149","28","2","83","151",".474",".838"
"Trent Grisham","SD","LF,CF,RF","546","91","23","73","16",".254",".344","136","26","6","78","149",".446",".790"
"Brandon Lowe","TB","1B,2B,RF","521","79","26","82","7",".259",".326","133","28","3","56","158",".474",".801"
"Jose Altuve","HOU","2B","565","94","22","73","10",".285",".343","159","30","2","53","100",".464",".807"
"Anthony Rizzo","CHC","1B","551","88","28","88","6",".270",".352","146","27","2","74","98",".473",".826"
"Cavan Biggio","TOR","2B,3B,RF","526","90","21","72","14",".246",".354","126","28","3","92","160",".425",".779"
"Ketel Marte","ARI","2B,SS,CF","582","85","21","75","7",".291",".343","168","34","7","49","87",".480",".824"
"Austin Meadows","TB","LF,RF","501","75","23","72","11",".260",".323","128","27","4","49","133",".467",".790"
"Teoscar Hernandez","TOR","LF,CF,RF","523","79","32","85","10",".251",".312","129","25","3","49","175",".492",".804"
"Yoan Moncada","CWS","3B","558","83","23","78","8",".262",".333","144","29","5","63","180",".455",".788"
"Matt Olson","OAK","1B","541","82","37","100","2",".246",".330","131","24","1","71","169",".495",".824"
"Lourdes Gurriel Jr.","TOR","2B,LF","535","75","27","85","7",".276",".314","146","30","1","32","130",".488",".802"
"Giancarlo Stanton","NYY","LF,DH","486","81","36","96","3",".255",".341","122","23","1","66","168",".532",".873"
"Eddie Rosario","CLE","LF,RF","530","79","28","90","5",".274",".316","145","27","2","33","91",".486",".802"
"Jeff McNeil","NYM","2B,3B,LF,RF","566","84","18","75","6",".295",".345","165","36","2","46","84",".461",".806"
"Max Muncy","LAD","1B,2B,3B","494","91","31","90","3",".244",".356","118","21","1","90","150",".471",".828"
"Matt Chapman","OAK","3B","557","90","33","91","1",".251",".321","138","33","4","60","162",".502",".823"
"Salvador Perez","KC","C","461","58","26","78","2",".262",".289","120","24","1","19","106",".484",".772"
"Kris Bryant","CHC","3B,LF,RF","540","91","25","77","3",".264",".343","140","30","3","69","149",".467",".810"
"Tommy Pham","SD","LF,DH","486","76","19","67","19",".268",".354","129","23","2","67","120",".436",".790"
"Dansby Swanson","ATL","SS","570","87","21","75","11",".257",".322","145","31","3","57","150",".426",".748"
"Alec Bohm","PHI","1B,3B","533","77","21","77","5",".282",".340","147","28","2","51","114",".458",".798"
"Carlos Correa","HOU","SS","532","77","25","90","2",".271",".341","142","28","1","60","134",".469",".810"
"Marcus Semien","TOR","SS","570","91","24","76","11",".266",".338","149","31","3","66","112",".454",".793"
"Alex Verdugo","BOS","LF,CF,RF","537","82","17","63","8",".290",".346","154","36","2","48","101",".457",".803"
"Mike Yastrzemski","SF","LF,CF,RF","550","87","24","75","6",".258",".331","139","31","5","63","157",".464",".794"
"Mike Moustakas","CIN","1B,2B,3B","535","75","33","95","3",".256",".318","135","27","1","52","112",".491",".810"
"Wil Myers","SD","1B,LF,CF,RF","519","75","26","79","13",".252",".322","129","28","3","56","170",".465",".787"
"Jorge Soler","KC","RF,DH","517","76","34","90","2",".251",".334","128","25","1","67","172",".497",".830"
"Byron Buxton","MIN","CF","477","72","25","73","18",".255",".298","121","29","4","30","134",".487",".785"
"Michael Brantley","HOU","LF,RF,DH","524","75","17","75","5",".296",".352","153","33","2","48","73",".458",".810"
"Franmil Reyes","CLE","RF,DH","544","79","33","95","1",".259",".326","139","24","1","57","170",".491",".816"
"Will Smith","LAD","C","368","59","22","69","2",".246",".329","89","19","1","47","101",".481",".809"
"Dominic Smith","NYM","1B,LF","491","70","23","79","2",".267",".317","127","31","2","41","130",".481",".798"
"Ramon Laureano","OAK","CF,RF","535","84","23","74","13",".257",".318","135","29","2","50","160",".449",".767"
"Josh Bell","WSH","1B,DH","519","80","29","92","1",".264",".349","135","27","2","71","131",".488",".837"
"Rhys Hoskins","PHI","1B","511","88","31","91","3",".247",".358","125","28","2","91","150",".485",".842"
"Willson Contreras","CHC","C,DH","419","63","18","65","3",".260",".331","108","21","2","46","116",".448",".778"
"Eric Hosmer","SD","1B","569","76","22","93","6",".266",".321","150","26","1","48","137",".432",".754"
"Yasmani Grandal","CWS","C,1B","441","69","24","72","2",".240",".348","103","20","1","77","133",".449",".796"
"Joey Gallo","TEX","LF,CF,RF","508","84","38","93","6",".222",".329","110","23","2","85","212",".495",".825"
"Didi Gregorius","PHI","SS","526","75","23","85","7",".266",".313","139","26","4","37","86",".456",".768"
"Ke'Bryan Hayes","PIT","3B","519","73","16","63","9",".275",".334","139","31","5","51","118",".446",".780"
"Kyle Lewis","SEA","CF,RF","553","78","23","75","7",".246",".321","134","22","1","64","187",".411",".732"
"Gio Urshela","NYY","3B","513","72","20","77","2",".277",".326","140","29","1","40","100",".455",".781"
"Ryan Mountcastle","BAL","1B,LF","518","66","22","77","3",".277",".317","142","26","2","32","128",".462",".779"
"Josh Donaldson","MIN","3B","461","77","27","75","3",".250",".357","113","23","1","80","131",".478",".834"
"Anthony Santander","BAL","LF,CF,RF","561","76","28","87","4",".259",".302","144","34","2","36","117",".478",".779"
"Tommy Edman","STL","2B,3B,SS,LF,RF","509","73","13","55","14",".268",".314","135","24","5","35","104",".410",".724"
"Max Kepler","MIN","CF,RF","535","90","28","78","5",".248",".326","130","30","2","65","108",".468",".793"
"Travis d'Arnaud","ATL","C,1B","404","53","18","69","1",".267",".324","107","19","1","36","105",".449",".773"
"Victor Robles","WSH","CF,RF","534","74","15","61","23",".248",".295","131","27","4","37","145",".398",".693"
"AJ Pollock","LAD","LF,CF,DH","481","71","25","76","8",".260",".308","124","24","2","36","115",".475",".783"
"Justin Turner","LAD","3B,DH","468","76","20","73","2",".287",".354","132","27","1","52","86",".473",".827"
"Miguel Sano","MIN","1B,3B","507","84","36","91","1",".233",".319","117","25","2","66","218",".503",".821"
"Andrew McCutchen","PHI","LF,CF,DH","518","83","23","71","8",".256",".341","130","25","2","70","129",".442",".783"
"Ian Happ","CHC","2B,3B,LF,CF","527","82","28","78","8",".254",".340","131","26","2","72","175",".467",".807"
"Dylan Carlson","STL","LF,CF,RF","511","69","18","67","12",".251",".312","126","28","5","49","134",".428",".741"
"Christian Walker","ARI","1B,DH","521","77","24","79","4",".258",".324","133","29","2","53","143",".459",".783"
"Dylan Moore","SEA","2B,3B,SS,LF,RF","441","63","17","52","21",".234",".296","102","23","2","41","128",".413",".709"
"Trey Mancini","BAL","1B,LF,RF","503","73","25","77","1",".272",".333","136","26","2","47","126",".484",".817"
"Kyle Schwarber","WSH","LF","470","76","32","81","3",".243",".338","113","22","2","70","150",".497",".835"
"Nick Madrigal","CWS","2B","501","63","6","50","18",".299",".336","147","26","3","32","41",".393",".729"
"Christian Vazquez","BOS","C,1B","423","54","15","56","6",".262",".313","110","21","1","32","94",".423",".735"
"Nick Solak","TEX","2B,3B,LF,CF","509","71","17","66","10",".270",".332","136","24","2","49","122",".422",".754"
"Jean Segura","PHI","2B,3B,SS","538","74","14","64","11",".280",".325","148","28","3","39","91",".421",".745"
"Jorge Polanco","MIN","SS","529","74","16","65","7",".276",".330","144","30","4","45","95",".434",".764"
"Paul DeJong","STL","SS","551","80","24","80","5",".249",".312","135","29","1","53","153",".437",".749"
"Jesse Winker","CIN","LF,CF,RF,DH","429","67","21","62","2",".274",".361","116","23","1","61","102",".476",".838"
"Andrew Benintendi","KC","LF,CF","500","71","15","63","12",".260",".340","128","28","3","64","122",".414",".754"
"Clint Frazier","NYY","LF,RF","443","67","22","68","6",".254",".323","110","23","2","49","136",".466",".789"
"Gary Sanchez","NYY","C","345","51","24","61","1",".217",".295","75","13","0","38","115",".462",".757"
"Austin Riley","ATL","3B,LF","497","68","26","80","1",".249",".302","122","23","2","40","152",".462",".764"
"Jake Cronenworth","SD","1B,2B,SS","418","59","9","49","10",".273",".339","114","24","4","42","84",".408",".748"
"Lorenzo Cain","MIL","CF","497","70","10","46","15",".271",".332","132","24","2","50","95",".386",".719"
"Austin Nola","SD","C,1B,2B","381","50","12","52","2",".260",".327","98","19","1","40","89",".408",".736"
"Sean Murphy","OAK","C","354","52","16","49","2",".243",".317","85","19","1","40","96",".434",".751"
"J.D. Davis","NYM","3B,LF,DH","445","62","19","60","2",".266",".329","115","22","1","48","117",".446",".774"
"Carlos Santana","KC","1B","511","80","23","79","2",".250",".361","125","24","1","92","99",".430",".791"
"Brian Anderson","MIA","3B,RF","552","73","22","79","3",".256",".322","139","29","2","57","146",".437",".759"
"Jonathan Villar","NYM","2B,SS","326","44","10","35","21",".252",".309","80","13","1","30","92",".386",".695"
"Gavin Lux","LAD","2B","419","62","17","58","8",".267",".323","108","20","4","40","102",".449",".772"
"Eduardo Escobar","ARI","2B,3B","545","72","23","79","3",".255",".308","137","26","6","44","118",".450",".757"
"Kyle Seager","SEA","3B","538","73","24","86","5",".245",".316","130","29","1","58","112",".437",".753"
"Kole Calhoun","ARI","RF","483","76","26","70","4",".237",".316","112","23","2","59","131",".448",".763"
"James McCann","NYM","C","406","51","16","52","3",".244",".294","98","17","1","30","122",".409",".703"
"Victor Reyes","DET","LF,CF,RF","432","58","8","43","15",".272",".300","114","19","4","22","90",".393",".692"
"Mitch Haniger","SEA","CF,RF","479","73","23","69","6",".253",".325","119","25","2","54","139",".456",".781"
"Mark Canha","OAK","1B,LF,CF,RF,DH","493","78","22","75","5",".253",".341","122","25","3","70","134",".445",".786"
"Mitch Garver","MIN","C","311","48","17","47","0",".242",".320","75","15","1","36","101",".456",".776"
"David Peralta","ARI","LF","507","63","17","73","2",".277",".330","139","27","4","42","116",".445",".774"
"David Fletcher","LAA","2B,3B,SS,LF","571","80","8","54","8",".286",".336","161","32","3","46","72",".396",".732"
"Ha-seong Kim","SD","2B,SS","361","50","12","51","10",".264",".328","95","18","2","35","68",".428",".756"
"Brandon Nimmo","NYM","LF,CF,RF","443","76","17","54","6",".256",".357","109","22","4","76","125",".438",".795"
"Randal Grichuk","TOR","CF,RF","412","60","23","65","2",".251",".294","102","22","2","27","107",".481",".775"
"Chris Taylor","LAD","2B,SS,LF,CF","479","71","17","67","9",".261",".329","123","29","4","52","146",".444",".773"
"Aaron Hicks","NYY","CF","461","79","22","71","8",".244",".351","109","22","3","81","120",".440",".790"
"Jared Walsh","LAA","1B","440","68","25","72","1",".252",".315","110","22","2","42","134",".480",".795"
"Hunter Dozier","KC","1B,3B,RF","519","72","21","69","6",".251",".325","128","26","6","60","154",".446",".771"
"Austin Hays","BAL","LF,CF","492","70","20","60","9",".258",".302","126","23","2","32","116",".434",".736"
"Bryan Reynolds","PIT","LF,CF,RF","518","73","18","66","5",".267",".332","136","28","4","53","142",".439",".770"
"Yuli Gurriel","HOU","1B,3B","544","72","19","78","3",".270",".309","146","32","2","33","72",".444",".753"
"Leody Taveras","TEX","CF","485","67","12","46","21",".250",".311","120","23","5","46","135",".389",".700"
"Andres Gimenez","CLE","2B,3B,SS","397","54","9","42","20",".257",".296","100","19","4","24","91",".394",".689"
"Raimel Tapia","COL","LF,CF,DH","508","69","10","53","17",".282",".325","142","28","6","34","116",".419",".744"
"Kolten Wong","MIL","2B","496","67","10","54","15",".265",".330","130","24","4","50","88",".389",".719"
"Jesus Aguilar","MIA","1B,DH","459","64","21","73","1",".254",".329","114","21","1","55","122",".440",".769"
"Jarred Kelenic","SEA","CF","358","46","15","49","10",".246",".293","84","18","3","30","104",".439",".733"
"Nick Senzel","CIN","CF","460","67","16","56","15",".255",".314","116","29","3","41","124",".431",".745"
"Daulton Varsho","ARI","C,LF,CF","295","44","11","37","9",".253",".309","72","14","3","27","71",".435",".744"
"Willi Castro","DET","3B,SS","477","62","13","59","9",".270",".312","128","23","5","31","123",".422",".734"
"Jeimer Candelario","DET","1B,3B","512","70","20","71","3",".251",".325","126","27","3","59","140",".432",".757"
"Buster Posey","SF","C,1B","406","47","8","45","2",".265",".328","107","21","1","40","72",".379",".707"
"Willy Adames","TB","SS","498","66","18","60","6",".256",".323","126","26","2","51","156",".422",".745"
"Alex Dickerson","SF","LF","420","63","18","64","2",".278",".337","115","25","4","39","94",".481",".818"
"Ryan McMahon","COL","1B,2B,3B","484","64","22","72","4",".248",".317","119","24","3","50","166",".442",".759"
"Garrett Hampson","COL","2B,SS,LF,CF","375","49","10","35","18",".252",".310","95","15","5","31","104",".393",".703"
"Joey Votto","CIN","1B","516","82","21","65","3",".261",".362","131","26","1","87","120",".430",".792"
"Amed Rosario","CLE","SS","438","56","11","49","12",".279",".312","122","22","5","22","90",".420",".732"
"Manuel Margot","TB","LF,CF,RF","410","54","11","46","19",".258",".316","105","22","3","36","87",".402",".718"
"Bobby Dalbec","BOS","1B","446","63","26","68","3",".237",".313","104","20","1","52","172",".459",".771"
"Alex Kirilloff","MIN","RF","432","57","15","57","6",".275",".324","119","24","2","31","96",".438",".762"
"Tommy La Stella","SF","1B,2B,3B","414","59","11","51","2",".282",".343","115","22","2","41","46",".424",".767"
"Yadier Molina","STL","C","377","40","11","48","3",".256",".293","96","16","1","21","65",".386",".679"
"Wander Franco","TB","SS","331","41","8","38","7",".263",".296","80","15","3","25","46",".406",".702"
"David Dahl","TEX","LF,CF,RF","417","56","15","55","6",".251",".302","105","21","4","31","128",".430",".732"
"Jon Berti","MIA","2B,3B,SS,CF,RF","321","47","7","32","19",".252",".322","78","14","2","37","84",".370",".692"
"Brandon Belt","SF","1B,LF","453","66","19","65","3",".258",".355","115","27","2","72","116",".447",".802"
"Rowdy Tellez","TOR","1B,DH","389","58","22","67","2",".260",".319","99","21","1","36","100",".484",".803"
"Joc Pederson","CHC","1B,LF,RF,DH","455","73","27","73","3",".244",".319","110","23","3","52","114",".483",".802"
"Jo Adell","LAA","RF","276","33","9","30","4",".239",".291","66","14","1","20","103",".396",".688"
"Carson Kelly","ARI","C","347","42","15","48","0",".244",".319","84","17","0","39","83",".422",".741"
"Starlin Castro","WSH","2B,3B","476","60","17","64","2",".277",".317","131","25","2","29","93",".439",".756"
"Elvis Andrus","OAK","SS","508","63","12","54","17",".258",".304","131","27","3","34","86",".386",".690"
"Justin Upton","LAA","LF","464","68","26","76","4",".234",".307","107","20","1","52","150",".443",".750"
"Adam Eaton","CWS","LF,RF","473","72","13","51","10",".263",".329","123","23","4","49","97",".406",".735"
"Cesar Hernandez","CLE","2B","527","76","11","54","7",".276",".342","144","28","2","55","109",".396",".738"
"Corey Dickerson","MIA","LF","509","65","18","63","4",".270",".314","136","28","4","35","107",".443",".757"
"C.J. Cron","COL","1B","438","60","25","74","1",".261",".316","113","23","1","36","118",".489",".805"
"Jurickson Profar","SD","2B,LF","385","54","14","54","9",".249",".315","95","19","2","39","66",".417",".732"
"Yasiel Puig","","RF","346","48","16","52","10",".261",".324","90","17","1","33","81",".453",".777"
"Isiah Kiner-Falefa","TEX","C,3B,SS","507","63","8","47","13",".262",".311","131","23","4","38","93",".370",".681"
"Avisail Garcia","MIL","CF,RF","461","58","16","60","6",".264",".311","119","22","2","35","118",".424",".735"
"Nate Lowe","TEX","1B","430","63","21","64","2",".263",".343","111","22","1","56","125",".463",".805"
"Jorge Alfaro","MIA","C","316","33","11","38","3",".238",".280","75","13","1","18","112",".386",".666"
"Ty France","SEA","2B,3B,DH","423","57","16","60","2",".266",".317","113","23","2","31","102",".440",".757"
"Andrew Vaughn","CWS","1B","356","46","12","48","2",".239",".298","81","18","1","36","81",".395",".693"
"Mauricio Dubon","SF","2B,SS,CF","440","53","12","48","9",".265",".309","116","20","2","29","87",".402",".711"
"Renato Nunez","BAL","1B,3B,DH","379","52","20","61","1",".250",".305","93","17","1","33","115",".457",".762"
"Evan White","SEA","1B","517","64","23","69","3",".233",".291","119","21","2","44","176",".410",".702"
"Willie Calhoun","TEX","LF,DH","453","57","20","66","2",".255",".308","114","21","2","37","85",".438",".745"
"Nick Ahmed","ARI","SS","538","68","17","71","8",".252",".309","134","28","4","47","120",".413",".722"
"Wilson Ramos","DET","C","321","36","11","44","0",".270",".325","86","14","0","26","63",".419",".744"
"Jonathan Schoop","DET","2B","481","64","22","67","2",".260",".298","125","23","2","26","120",".455",".754"
"Joey Wendle","TB","2B,3B,SS","390","50","8","44","11",".265",".313","103","21","3","27","83",".397",".710"
"Danny Jansen","TOR","C","321","45","14","45","1",".235",".311","74","15","1","37","75",".413",".724"
"Jackie Bradley Jr.","MIL","CF","465","63","18","58","10",".238",".311","109","22","2","52","137",".408",".718"
"Andrelton Simmons","MIN","SS","513","67","9","57","9",".276",".319","140","28","2","34","60",".387",".706"
"Luis Arraez","MIN","2B,3B,LF","456","63","5","48","4",".312",".365","140","27","2","41","50",".409",".774"
"Myles Straw","HOU","SS,CF","422","57","4","38","28",".258",".326","108","17","3","44","99",".340",".666"
"Sam Hilliard","COL","LF,CF,RF","391","51","17","49","12",".234",".292","90","17","4","33","140",".430",".722"
"Colin Moran","PIT","1B,2B,3B,DH","489","61","18","71","1",".264",".319","127","26","1","43","123",".434",".753"
"Scott Kingery","PHI","2B,3B,SS,LF,CF","396","49","13","44","9",".234",".279","90","22","2","28","118",".398",".677"
"Alejandro Kirk","TOR","C","217","30","8","30","1",".273",".334","58","13","1","22","38",".449",".783"
"Josh Naylor","CLE","LF,RF","440","60","14","57","4",".269",".328","117","25","2","40","84",".426",".754"
"Miguel Rojas","MIA","SS","500","58","10","54","10",".272",".322","135","26","2","39","78",".388",".710"
"Oscar Mercado","CLE","LF,CF,RF","388","50","10","40","17",".244",".293","93","20","2","29","93",".378",".671"
"Franchy Cordero","BOS","RF,Util","370","53","15","51","9",".246",".307","91","21","4","33","121",".440",".747"
"Yan Gomes","WSH","C","316","38","12","42","2",".246",".303","77","16","1","26","85",".414",".717"
"Miguel Cabrera","DET","1B,DH","487","57","17","68","1",".259",".321","123","18","1","49","113",".406",".727"
"Adam Duvall","MIA","LF,RF","426","58","25","70","2",".233",".295","99","20","2","37","128",".459",".754"
"Hunter Renfroe","BOS","LF,RF","413","59","26","67","4",".235",".298","96","21","1","38","127",".477",".775"
"Jason Heyward","CHC","CF,RF","469","65","15","61","5",".260",".342","120","20","4","62","101",".415",".757"
"Tyler O'Neill","STL","LF","438","62","23","64","6",".235",".296","103","18","1","39","151",".435",".731"
"Wilmer Flores","SF","1B,2B,DH","318","41","13","46","1",".280",".325","89","18","1","21","48",".462",".787"
"Edwin Rios","LAD","1B,3B","245","34","14","41","1",".241",".266","52","12","1","17","78",".467",".733"
"Kevin Pillar","NYM","CF,RF","345","47","11","45","8",".264",".286","87","19","2","16","61",".429",".715"
"Jose Iglesias","LAA","SS,DH","495","58","9","60","6",".288",".314","141","31","2","21","68",".415",".729"
"Robbie Grossman","DET","LF,RF","432","61","12","49","10",".255",".340","108","24","3","59","95",".404",".744"
"Evan Longoria","SF","3B","446","55","17","62","2",".252",".300","111","21","2","32","100",".420",".719"
"Stephen Piscotty","OAK","RF","469","59","18","65","5",".247",".303","114","24","1","40","123",".413",".716"
"Garrett Cooper","MIA","1B,RF,DH","339","47","14","48","0",".267",".330","90","17","1","32","92",".437",".768"
"Donovan Solano","SF","2B,3B,SS","456","51","7","52","1",".284",".315","127","25","2","24","91",".396",".711"
"Ryan Jeffers","MIN","C","263","33","11","33","1",".256",".315","67","11","0","23","77",".428",".743"
"Austin Slater","SF","1B,RF,DH","242","34","8","30","8",".262",".344","63","12","2","30","74",".413",".757"
"Yandy Diaz","TB","1B,3B","376","55","10","44","2",".276",".368","104","19","1","55","79",".406",".774"
"Omar Narvaez","MIL","C","292","35","11","35","0",".250",".333","73","11","0","37","73",".394",".728"
"Cristian Pache","ATL","LF","445","53","12","52","7",".253",".301","112","25","4","32","123",".411",".712"
"Tom Murphy","SEA","C","295","35","15","41","2",".233",".285","69","14","1","22","108",".436",".722"
"Kurt Suzuki","LAA","C","254","33","10","38","1",".257",".313","65","13","0","21","45",".423",".736"
"Harrison Bader","STL","CF","456","67","18","55","14",".234",".306","106","20","3","49","153",".407",".713"
"Nico Hoerner","CHC","2B,3B,SS","390","51","7","46","9",".267",".317","103","18","3","31","74",".380",".697"
"Pedro Severino","BAL","C,DH","283","33","10","37","2",".243",".307","69","11","1","26","67",".398",".706"
"Niko Goodrum","DET","1B,2B,SS,LF,CF,RF","399","50","12","47","12",".235",".294","90","20","3","38","126",".392",".686"
"Jacob Stallings","PIT","C","327","37","8","38","1",".250",".310","82","18","0","29","85",".376",".686"
"Rougned Odor","TEX","2B","426","59","24","71","8",".218",".278","93","20","1","36","138",".437",".715"
"Shogo Akiyama","CIN","LF,CF","372","50","8","37","10",".264",".341","98","18","3","43","79",".386",".727"
"Brendan Rodgers","COL","2B,SS","399","50","13","50","5",".262",".306","104","21","2","26","102",".421",".728"
"J.P. Crawford","SEA","SS","542","77","11","59","11",".246",".321","131","26","5","63","125",".369",".689"
"Adam Frazier","PIT","2B,LF","490","65","12","51","5",".267",".323","131","26","4","41","79",".403",".727"
"Gregory Polanco","PIT","RF","432","53","19","61","9",".226",".295","96","23","2","44","140",".416",".711"
"Elias Diaz","COL","C","315","34","7","36","1",".261",".311","82","15","0","23","63",".376",".687"
"Khris Davis","TEX","DH,Util","326","45","19","55","0",".231",".287","70","12","0","32","101",".452",".739"
"Kevin Kiermaier","TB","CF","432","55","12","52","17",".236",".293","101","19","6","36","114",".394",".687"
"Maikel Franco","","3B","386","46","17","57","1",".255",".306","97","20","1","31","63",".438",".744"
"Max Stassi","LAA","C","293","36","13","39","1",".226",".301","66","11","0","31","89",".393",".694"
"Mitch Moreland","OAK","1B","382","54","20","62","1",".238",".315","91","19","1","43","99",".446",".761"
"Josh Fuentes","COL","1B","353","44","11","47","2",".260",".295","92","19","2","18","108",".418",".713"
"Kevin Newman","PIT","2B,SS","388","44","6","37","10",".270",".315","105","19","2","26","61",".375",".691"
"Ji-Man Choi","TB","1B","395","55","16","61","2",".250",".347","99","22","1","58","113",".431",".778"
"JaCoby Jones","DET","CF","436","58","15","49","9",".236",".287","101","24","3","34","145",".410",".697"
"Carter Kieboom","WSH","3B,SS","433","59","13","55","3",".250",".332","108","20","1","53","124",".382",".714"
"Kike Hernandez","BOS","2B,SS,LF,CF,RF","371","55","16","53","3",".248",".313","92","20","2","35","85",".437",".749"
"DJ Stewart","BAL","LF,RF","324","47","15","48","5",".236",".327","76","16","1","44","102",".425",".752"
"Nomar Mazara","DET","RF","384","50","15","55","2",".249",".306","96","19","1","31","102",".416",".721"
"Freddy Galvis","BAL","2B,SS","478","55","16","55","5",".248",".296","119","24","2","33","115",".400",".696"
"Martin Maldonado","HOU","C","309","39","11","37","1",".218",".289","67","14","0","31","95",".365",".654"
"Michael Chavis","BOS","1B,2B,LF","308","40","15","45","3",".241",".298","74","13","2","25","103",".435",".732"
"Edwin Encarnacion","","1B,DH","272","41","17","46","1",".216",".299","59","10","0","33","78",".437",".736"
"Rio Ruiz","BAL","1B,3B","465","56","17","63","2",".242",".307","112","23","2","45","113",".406",".712"
"Orlando Arcia","MIL","SS","463","52","13","54","8",".251",".302","115","21","2","36","99",".388",".690"
"Matt Carpenter","STL","3B,DH","325","51","13","44","2",".230",".338","75","17","1","53","103",".406",".743"
"Brandon Crawford","SF","SS","467","56","14","59","4",".245",".310","114","25","1","44","117",".389",".698"
"Luis Garcia","WSH","2B","311","37","5","31","5",".265",".297","83","15","2","14","59",".375",".672"
"Spencer Torkelson","DET","1B,3B","61","11","4","10","1",".250",".349","15","3","0","9","18",".481",".830"
"Josh Reddick","","LF,CF,RF","385","48","11","47","4",".263",".325","101","18","2","35","70",".402",".728"
"Danny Santana","BOS","1B,2B,3B,SS,LF,CF,RF","236","34","10","33","9",".244",".289","57","12","2","15","70",".426",".715"
"Shohei Ohtani","LAA","SP,DH","444","67","23","73","14",".258",".330","114","23","3","49","135",".476",".807"
"Luis Urias","MIL","2B,3B,SS","424","54","10","49","5",".249",".323","105","21","3","46","110",".379",".702"
"Andrew Stevenson","WSH","LF","226","29","4","25","6",".259",".315","59","11","2","18","69",".382",".696"
"Sam Huff","TEX","C","94","12","5","12","1",".250",".300","23","5","0","7","28",".484",".784"
"Ender Inciarte","ATL","CF","271","37","5","28","10",".254",".319","69","11","2","26","47",".361",".679"
"Hanser Alberto","KC","2B,3B","300","37","6","30","3",".285",".308","86","16","1","10","39",".396",".704"
"Daniel Vogelbach","MIL","1B,DH","232","36","13","38","0",".234",".354","54","10","0","43","65",".439",".793"
"Tucker Barnhart","CIN","C","336","38","11","41","1",".238",".321","80","15","1","41","89",".384",".705"
"Tyler Stephenson","CIN","C","205","27","7","27","0",".246",".314","50","10","1","21","56",".397",".711"
"Isaac Paredes","DET","3B","244","28","7","27","2",".260",".323","63","12","1","23","50",".394",".717"
"Luis Torrens","SEA","C","290","32","7","33","1",".250",".310","72","16","1","26","68",".387",".698"
"Yoshi Tsutsugo","TB","3B,LF,DH","286","43","15","44","1",".237",".333","68","13","1","41","90",".431",".764"
"Roberto Perez","CLE","C","327","36","12","41","0",".211",".290","69","11","1","37","114",".356",".646"
"Joey Bart","SF","C","146","18","4","16","1",".242",".281","35","6","1","8","46",".393",".674"
"Shin-Soo Choo","","LF,RF,DH","337","50","14","39","10",".257",".344","87","18","1","45","101",".421",".765"
"Asdrubal Cabrera","ARI","1B,2B,3B,DH","344","45","13","54","1",".255",".324","88","18","2","35","76",".434",".758"
"David Bote","CHC","2B,3B","332","44","14","50","4",".242",".322","80","15","2","39","101",".412",".734"
"Marwin Gonzalez","BOS","1B,2B,3B,LF,RF","306","39","11","42","1",".259",".322","79","16","1","29","77",".420",".742"
"Michael A. Taylor","KC","LF,CF,RF","281","33","9","31","9",".226",".282","64","16","2","22","100",".387",".669"
"Dee Strange-Gordon","CIN","2B,LF","142","17","1","11","7",".267",".297","38","4","1","6","25",".335",".632"
"Jazz Chisholm","MIA","2B,SS","261","33","11","31","8",".215",".286","56","9","3","26","91",".385",".671"
"Francisco Mejia","TB","C","224","26","7","25","1",".240",".284","54","12","1","14","52",".401",".685"
"Victor Caratini","SD","C,1B,DH","237","28","7","32","1",".251",".320","59","12","1","24","61",".385",".705"
"Mike Zunino","TB","C","313","37","15","42","1",".202",".264","63","14","0","26","123",".388",".651"
"Ryan Braun","","LF,RF,DH","312","41","14","47","5",".260",".301","79","17","2","22","70",".461",".762"
"Roman Quinn","PHI","CF","231","29","5","21","18",".234",".290","54","8","3","18","71",".358",".649"
"Chance Sisco","BAL","C","260","34","10","33","1",".230",".310","60","11","0","30","93",".388",".698"
"Greg Allen","NYY","LF,CF,RF","128","18","3","13","7",".237",".283","30","6","1","8","38",".356",".640"
"Miguel Andujar","NYY","3B,LF","176","23","7","25","1",".265",".309","47","10","1","11","35",".457",".765"
"Cameron Maybin","CHC","LF,RF","137","18","3","15","5",".250",".327","34","7","0","16","40",".377",".704"
"Jedd Gyorko","","1B,3B","232","31","12","34","1",".249",".328","58","9","1","27","63",".435",".763"
"Jose Trevino","TEX","C","324","35","8","35","1",".236",".265","74","17","0","15","69",".367",".632"
"Chad Pinder","OAK","2B,3B,LF,RF","335","45","13","45","1",".248",".303","83","17","1","26","88",".422",".724"
"Edward Olivares","KC","LF,CF,RF","268","33","7","31","10",".248",".291","67","12","2","16","58",".388",".679"
"Jeter Downs","BOS","SS","120","18","5","18","5",".246",".310","29","8","1","11","33",".441",".751"
"Daniel Johnson","CLE","RF,Util","236","31","8","30","6",".252",".307","59","12","2","18","74",".425",".731"
"Travis Shaw","MIL","1B,3B","267","35","13","39","2",".232",".323","62","12","0","36","87",".424",".747"
"Mike Tauchman","NYY","LF,CF,RF","152","24","5","22","5",".258",".340","39","8","1","19","40",".405",".744"
"Isan Diaz","MIA","2B","295","38","10","36","4",".230",".305","68","13","2","32","98",".388",".693"
"Adley Rutschman","BAL","C","157","20","5","22","1",".238",".305","37","9","0","15","42",".401",".706"
"Albert Pujols","LAA","1B,DH","324","38","13","50","1",".236",".287","77","14","0","23","58",".402",".689"
"Dexter Fowler","LAA","CF,RF","367","53","14","49","5",".233",".322","86","16","2","48","111",".395",".717"
"Vidal Brujan","TB","2B","122","15","2","12","8",".252",".308","31","6","1","10","26",".376",".683"
"Mike Brosseau","TB","1B,2B,3B","225","32","10","32","3",".265",".323","60","12","1","19","62",".451",".774"
"Anthony Alford","PIT","LF,CF","273","33","6","28","14",".226",".285","62","12","2","23","99",".353",".638"
"Brett Gardner","NYY","LF,CF","266","42","10","34","6",".239",".325","64","12","2","34","66",".409",".734"
"Tim Locastro","ARI","LF,CF,RF","252","39","5","26","14",".260",".311","66","15","2","19","57",".391",".702"
"Jose Marmolejos","SEA","LF,DH","206","23","7","25","0",".238",".290","49","10","0","15","54",".389",".678"
"Andrew Knizner","STL","C","214","24","6","26","1",".254",".279","50","9","0","14","42",".386",".664"
"Jarren Duran","BOS","CF","189","24","3","16","10",".263",".306","50","9","2","12","50",".372",".678"
"Aristides Aquino","CIN","LF,RF","178","25","11","30","3",".234",".291","41","8","1","14","58",".475",".766"
"Jake Bauers","CLE","1B,LF","242","33","9","32","6",".234",".324","57","13","1","32","72",".399",".723"
"Adam Haseley","PHI","LF,CF,RF","307","38","7","37","4",".260",".316","80","16","1","25","74",".389",".705"
"Cedric Mullins II","BAL","CF","237","31","7","24","9",".247",".301","58","11","3","18","57",".388",".689"
"Adam Engel","CWS","CF,RF","234","29","6","25","6",".234",".278","55","11","2","14","77",".376",".653"
"Monte Harrison","MIA","CF,RF","96","12","3","9","6",".207",".268","20","4","1","8","43",".348",".616"
"Jason Castro","HOU","C","226","29","8","28","0",".213",".303","48","11","0","29","88",".377",".680"
"Jarrod Dyson","","LF,CF,RF","195","27","3","16","14",".223",".296","44","6","1","20","41",".303",".599"
"Lewin Diaz","MIA","1B","100","11","4","12","0",".226",".267","23","5","0","6","27",".410",".676"
"Tyler Naquin","CIN","LF,RF","153","19","5","21","1",".258",".293","39","6","1","8","46",".414",".707"
"Kyle Higashioka","NYY","C","183","24","10","29","0",".227",".277","41","9","0","13","51",".430",".706"
"Chadwick Tromp","SF","C","64","9","3","9","0",".239",".293","15","2","0","5","19",".388",".682"
"Nolan Jones","CLE","3B","105","15","5","14","1",".238",".330","25","5","0","14","40",".416",".745"
"Mallex Smith","NYM","CF,RF","124","16","1","10","10",".244",".304","30","5","2","11","32",".339",".643"
"Yoenis Cespedes","","DH,Util","218","29","12","34","2",".230",".288","50","10","1","18","78",".442",".730"
"Jonah Heim","TEX","C","186","21","5","21","1",".238",".296","44","10","0","15","39",".367",".664"
"Alex Avila","WSH","C","185","23","7","23","1",".208",".335","38","8","0","35","84",".367",".702"
"Austin Barnes","LAD","C","189","27","5","24","3",".229",".317","43","9","0","25","54",".356",".673"
"Jake Cave","MIN","LF,CF,RF","265","38","10","37","2",".253",".305","67","13","3","20","87",".426",".731"
"Jared Oliva","PIT","LF,Util","231","28","4","22","12",".245",".302","57","12","2","19","59",".364",".666"
"Stephen Vogt","ARI","C,LF","196","21","7","26","1",".229",".295","45","12","1","18","50",".399",".694"
"Josh Lowe","TB","3B,CF","194","25","7","25","9",".227",".296","44","9","2","19","73",".387",".683"
"Nick Markakis","","LF,RF","334","42","6","42","1",".270",".336","90","22","1","34","58",".396",".732"
"Tony Kemp","OAK","2B,LF,CF","333","46","5","32","10",".249",".319","83","16","3","34","54",".355",".674"
"Andrew Knapp","PHI","C","141","17","4","17","0",".229",".326","32","7","1","20","49",".358",".684"
"Nicky Lopez","KC","2B,SS","436","51","5","39","7",".252",".311","110","20","3","38","72",".341",".652"
"Shed Long Jr.","SEA","2B,LF","281","36","9","31","7",".235",".300","66","14","2","26","88",".384",".684"
"Eric Sogard","CHC","2B,3B,RF","215","27","4","21","3",".247",".320","53","12","1","23","38",".361",".681"
"Todd Frazier","PIT","1B,3B","236","30","9","32","2",".232",".302","55","10","1","24","66",".398",".699"
"Jesus Sanchez","MIA","RF","96","10","3","11","1",".223",".283","21","4","0","8","27",".374",".657"
"Yolmer Sanchez","BAL","2B,3B","323","39","6","31","4",".250",".315","81","17","3","31","75",".367",".682"
"Cole Tucker","PIT","SS,CF,RF","318","38","5","29","8",".236",".296","75","16","3","27","84",".352",".648"
"Jose Garcia","CIN","SS","245","25","5","24","5",".241",".275","59","12","1","11","69",".360",".635"
"Harold Ramirez","CLE","LF,CF,RF","142","17","3","16","2",".257",".294","36","7","0","7","31",".390",".684"
"Taylor Trammell","SEA","LF","170","20","4","16","6",".217",".300","37","6","1","20","57",".330",".630"
"Brad Miller","PHI","2B,3B,LF,DH","230","33","12","35","2",".240",".331","55","11","2","31","80",".444",".775"
"Brian Goodwin","PIT","LF,CF,RF","236","31","9","31","5",".238",".308","56","15","1","24","76",".419",".727"
"Yusniel Diaz","BAL","CF,RF","280","37","9","36","3",".247",".319","69","13","2","29","75",".407",".725"
"Dom Nunez","COL","C","197","25","8","25","2",".220",".302","43","9","1","23","64",".394",".696"
"Zack Cozart","","3B,SS","93","11","2","10","0",".234",".296","22","4","1","8","18",".370",".666"
"Tyler Flowers","","C","168","20","6","20","0",".218",".298","37","7","1","19","61",".365",".662"
"Josh Rojas","ARI","2B,LF,RF","176","24","5","20","7",".249",".320","44","9","2","18","44",".401",".721"
"Jake Marisnick","CHC","CF","227","33","9","29","6",".231",".281","52","12","2","16","75",".418",".699"
"Lewis Brinson","MIA","LF,CF,RF","203","23","6","23","5",".214",".266","44","8","1","14","67",".357",".624"
"Odubel Herrera","PHI","2B,CF","181","23","6","25","3",".257",".316","47","11","1","16","48",".419",".735"
"Leury Garcia","CWS","2B,SS,LF,CF,RF","247","34","5","25","6",".269",".302","66","10","2","12","56",".383",".684"
"Austin Romine","CHC","C","204","22","5","28","1",".244",".282","50","9","0","11","61",".370",".652"
"Jacob Nottingham","MIL","C","138","17","5","19","1",".209",".274","29","6","0","12","50",".367",".641"
"Lane Thomas","STL","CF,RF","161","20","5","19","4",".226",".290","36","8","1","14","50",".396",".686"
"Robinson Chirinos","NYY","C","126","16","5","18","0",".212",".294","27","6","0","15","47",".372",".666"
"Kevin Plawecki","BOS","C","180","22","4","26","1",".258",".317","46","10","1","16","40",".395",".712"
"Manny Pina","MIL","C","169","18","6","21","1",".235",".293","40","7","1","14","50",".387",".679"
"Erik Gonzalez","PIT","3B,SS","259","26","5","26","4",".244",".281","63","14","2","13","70",".364",".645"
"Tyler Heineman","STL","C","76","9","2","8","1",".235",".295","18","4","0","7","15",".366",".661"
"Austin Hedges","CLE","C","195","21","8","25","2",".207",".266","40","8","0","16","66",".375",".641"
"Chad Wallach","MIA","C","214","21","6","22","1",".212",".277","45","9","0","19","75",".339",".616"
"Curt Casali","SF","C","159","18","6","20","1",".237",".313","38","7","0","18","46",".388",".701"
"Jay Bruce","NYY","1B,LF,RF,DH","169","23","10","30","1",".230",".294","39","8","1","15","43",".464",".758"
"Dustin Fowler","PIT","CF","194","23","6","24","4",".246",".286","48","10","2","11","58",".400",".686"
"Tomas Nido","NYM","C","189","20","6","23","0",".226",".270","43","9","0","11","53",".359",".629"
"Jordan Luplow","CLE","LF,RF","223","32","9","32","3",".244",".328","54","13","1","28","60",".436",".764"
"Grayson Greiner","DET","C","179","20","5","21","0",".207",".270","37","7","1","15","63",".339",".609"
"Matt Beaty","LAD","1B,3B,LF","169","23","5","24","2",".258",".307","44","10","1","12","32",".420",".727"
"Anderson Tejeda","TEX","SS","154","18","6","18","6",".244",".284","38","7","2","9","53",".417",".702"
"Michael Perez","PIT","C","175","19","5","22","1",".228",".295","40","9","0","17","52",".362",".657"
"Chas McCormick","HOU","LF","151","20","4","18","5",".241",".318","36","5","1","17","30",".359",".678"
"Alex Jackson","ATL","C","166","20","8","23","1",".213",".266","35","7","0","12","67",".403",".668"
"Matt Wieters","","C","125","13","4","16","1",".217",".283","27","5","0","11","34",".360",".643"
"Reese McGuire","TOR","C","140","16","4","15","1",".226",".281","32","7","0","11","35",".367",".648"
"Derek Fisher","MIL","LF,RF","118","17","5","17","3",".224",".315","26","5","1","16","44",".414",".729"
"Taylor Ward","LAA","LF,RF","165","25","6","20","3",".251",".332","41","8","1","20","49",".405",".737"
"Kyle Farmer","CIN","C,1B,2B,3B,SS","269","29","7","31","3",".245",".292","66","14","1","18","72",".382",".673"
"Thairo Estrada","NYY","2B","94","12","2","10","2",".235",".269","22","4","0","4","25",".367",".636"
"Pat Valaika","BAL","1B,2B,SS","198","26","9","25","2",".251",".295","50","9","1","12","51",".428",".723"
"Jed Lowrie","OAK","2B,DH","146","18","4","18","1",".244",".315","36","8","0","15","35",".389",".704"
"Mike Ford","NYY","1B","105","16","6","18","0",".238",".319","25","5","0","12","25",".448",".767"
"Jake Lamb","ATL","1B,3B","195","27","8","30","1",".228",".318","44","10","1","26","61",".405",".723"
"Pavin Smith","ARI","1B","171","23","5","22","1",".259",".330","44","9","2","18","34",".422",".752"
"Johan Camargo","ATL","2B,3B,SS,LF,RF","234","31","8","31","1",".257",".312","60","13","1","19","58",".424",".736"
"Abraham Toro","HOU","3B,DH","137","20","5","19","2",".245",".307","33","7","1","12","34",".414",".721"
"Jason Kipnis","ATL","2B","135","16","5","18","2",".246",".317","33","7","0","14","36",".394",".711"
"Sam Haggerty","SEA","LF","92","12","1","8","6",".221",".305","20","5","1","11","27",".329",".634"
"Seth Brown","OAK","1B,LF","148","19","5","20","2",".224",".281","33","7","1","12","52",".391",".671"
"Aledmys Diaz","HOU","1B,2B,3B","227","31","9","31","2",".259",".310","59","14","1","17","39",".434",".744"
"Tony Wolters","PIT","C","153","17","2","16","0",".237",".306","36","6","1","15","40",".322",".627"
"Ryan O'Hearn","KC","1B","156","18","7","24","0",".226",".312","35","8","0","20","49",".403",".716"
"Bradley Zimmer","CLE","LF,CF","155","19","5","16","7",".223",".296","35","7","1","16","53",".366",".662"
"Christin Stewart","DET","LF","126","15","5","17","0",".231",".304","29","6","0","13","39",".401",".705"
"Royce Lewis","MIN","SS","183","21","4","18","7",".234",".279","43","10","1","12","56",".380",".659"
"Ronald Guzman","TEX","1B","174","23","7","24","1",".240",".311","42","8","0","18","52",".413",".723"
"Darin Ruf","SF","LF","169","22","7","27","1",".255",".332","43","8","0","19","50",".433",".765"
"Jahmai Jones","BAL","2B","212","24","4","20","4",".232",".289","49","9","1","17","57",".350",".639"
"Drew Waters","ATL","LF,CF","122","15","3","13","3",".252",".297","31","8","1","8","43",".403",".700"
"Albert Almora Jr.","NYM","CF","158","19","4","17","1",".249",".292","39","8","1","10","33",".373",".665"
"Steven Souza Jr.","HOU","RF,Util","172","24","8","26","4",".234",".321","40","9","1","22","58",".413",".734"
"Jose Martinez","NYM","RF,DH","108","14","4","15","0",".265",".331","29","5","0","11","29",".408",".739"
"Jake Fraley","SEA","CF,RF","221","28","7","27","8",".237",".292","52","13","2","17","65",".401",".693"
"Brandon Marsh","LAA","CF,RF","184","22","4","20","6",".231",".299","43","8","1","18","64",".372",".670"
"Delino DeShields","TEX","CF","182","24","2","14","10",".238",".314","43","7","1","20","55",".330",".644"
"Keibert Ruiz","LAD","C","81","10","2","10","0",".254",".300","21","3","0","5","11",".386",".685"
"Tyler Wade","NYY","2B,SS,LF","180","27","4","19","7",".237",".305","42","8","1","18","49",".360",".665"
"Yadiel Hernandez","WSH","DH","101","13","4","14","1",".250",".317","25","5","0","10","31",".406",".723"
"Chris Davis","BAL","1B","193","20","7","23","1",".186",".266","36","7","0","21","82",".329",".595"
"Daniel Robertson","","CF,LF,RF","143","18","3","15","1",".240",".324","34","6","1","18","43",".353",".677"
"Magneuris Sierra","MIA","CF","130","14","1","10","6",".240",".281","31","5","2","7","29",".329",".610"
"Jose Peraza","NYM","2B,SS,LF","139","16","2","12","3",".253",".287","35","6","1","7","23",".357",".643"
"Cam Gallagher","KC","C","143","17","3","15","0",".244",".303","35","8","0","12","30",".358",".661"
"Phillip Evans","PIT","3B","244","30","7","29","2",".252",".316","61","12","1","23","52",".394",".710"
"Christian Arroyo","BOS","2B,3B","206","27","8","28","2",".258",".311","53","11","1","16","51",".430",".740"
"Yairo Munoz","BOS","3B,SS,LF,RF","106","13","3","13","3",".275",".312","29","6","0","6","27",".411",".722"
"Derek Dietrich","NYY","1B,2B,LF,DH","187","31","10","29","1",".232",".310","43","9","1","21","56",".445",".755"
"Aramis Garcia","OAK","C","167","19","6","20","0",".215",".268","36","8","1","12","65",".358",".627"
"Josh Harrison","WSH","2B,3B","193","23","5","22","3",".248",".293","48","9","1","13","40",".376",".669"
"Welington Castillo","WSH","C","98","10","5","15","0",".237",".289","23","5","0","7","31",".411",".700"
"Richie Martin","BAL","SS","156","18","3","14","5",".231",".278","36","7","2","10","43",".346",".624"
"Daz Cameron","DET","RF","143","17","3","15","4",".218",".282","31","7","2","13","47",".360",".642"
"Willians Astudillo","MIN","C,1B,3B","101","14","4","14","1",".273",".303","28","5","0","4","7",".433",".736"
"Brent Rooker","MIN","RF,Util","156","23","7","24","1",".239",".305","37","8","0","15","62",".437",".742"
"Luis Guillorme","NYM","2B,SS","176","22","3","19","3",".260",".339","46","8","0","21","41",".358",".697"
"Brett Phillips","TB","CF,RF","106","15","4","13","5",".200",".294","21","4","2","14","45",".362",".656"
"Ryan McBroom","KC","1B,RF","160","22","7","21","0",".258",".318","41","7","0","14","52",".425",".742"
"Oneil Cruz","PIT","SS","192","22","5","22","5",".247",".302","48","10","2","15","64",".403",".705"
"Luis Campusano","SD","C,DH,Util","102","13","3","14","0",".251",".312","26","5","0","9","22",".403",".715"
"Ben Gamel","CLE","LF,CF,RF","167","23","3","17","2",".256",".332","43","9","1","19","53",".388",".720"
"William Contreras","ATL","C","95","10","2","10","0",".238",".288","22","5","0","7","27",".371",".658"
"Jake Rogers","DET","C","137","18","6","18","1",".206",".281","28","6","1","14","49",".372",".654"
"Matt Kemp","","LF,DH","224","27","10","34","1",".244",".301","55","9","0","18","66",".418",".719"
"Jorge Mateo","SD","LF,Util","108","13","2","12","4",".222",".258","24","5","2","5","36",".373",".632"
"Zack Collins","CWS","C,DH","157","21","7","23","1",".206",".321","32","8","0","26","65",".388",".708"
"Harold Castro","DET","2B,3B,LF,CF,RF","162","16","2","15","2",".269",".299","44","6","1","7","35",".354",".653"
"Logan Morrison","","1B,DH,Util","132","18","8","21","1",".227",".303","30","6","0","14","38",".447",".750"
"Jonathan Lucroy","CWS","C","120","14","3","16","0",".246",".307","30","5","1","10","24",".362",".669"
"Garrett Stubbs","HOU","C","90","12","2","10","2",".238",".307","21","4","0","9","20",".355",".661"
"Jeff Mathis","PHI","C","78","7","2","7","1",".189",".246","15","2","0","6","30",".299",".544"
"Joe Panik","TOR","2B,3B,SS","150","20","3","15","1",".257",".328","39","7","1","16","23",".364",".692"
"Kevan Smith","TB","C","84","9","2","10","0",".257",".312","22","4","0","7","20",".374",".686"
"Franklin Barreto","LAA","2B","169","24","7","23","4",".231",".285","39","8","1","13","62",".405",".690"
"Drew Butera","TEX","C","76","9","2","8","0",".212",".276","16","4","0","7","23",".329",".605"
"Anthony Bemboom","LAA","C","72","9","3","8","0",".214",".283","15","3","0","7","20",".346",".629"
"Matt Joyce","PHI","LF,RF,DH","140","21","5","17","0",".251",".357","35","6","0","23","41",".389",".746"
"Brandon Drury","NYM","1B,2B,3B,LF,RF","95","10","3","10","0",".223",".277","21","4","0","7","28",".364",".640"
"Cal Raleigh","SEA","C","92","11","4","14","0",".217",".273","20","4","0","7","28",".411",".684"
"Steven Duggar","SF","LF,CF,RF","128","15","2","13","3",".235",".298","30","7","1","11","42",".354",".652"
"Rene Rivera","","C","96","10","4","13","0",".208",".259","20","3","0","7","34",".371",".630"
"Luke Maile","MIL","C","61","6","1","6","0",".203",".264","12","3","0","5","18",".306",".570"
"Luis Rengifo","LAA","2B,SS","133","18","3","13","3",".239",".317","32","6","1","15","34",".362",".679"
"Bubba Starling","KC","CF,RF","85","9","2","8","1",".221",".266","19","3","0","5","28",".327",".594"
"Sandy Leon","","C","80","8","2","8","0",".191",".265","15","3","0","8","25",".299",".564"
"Dustin Garneau","DET","C","68","8","3","8","0",".209",".279","14","3","0","7","21",".365",".645"
"Phillip Ervin","ATL","LF,CF,RF","97","13","2","12","3",".234",".310","23","4","1","11","28",".374",".684"
"Travis Demeritte","ATL","RF","140","20","5","18","1",".225",".301","32","8","1","15","61",".404",".705"
"Austin Allen","OAK","C","110","13","4","15","0",".240",".292","26","6","0","8","32",".410",".701"
"Deivy Grullon","CIN","C","91","11","4","13","0",".230",".298","21","4","0","9","34",".415",".713"
"Eric Haase","DET","C","105","13","5","15","0",".203",".260","21","4","1","8","45",".396",".655"
"Chris Herrmann","BOS","C,RF","98","12","3","12","0",".214",".293","21","4","0","11","34",".346",".639"
"Meibrys Viloria","KC","C","91","9","2","9","0",".228",".288","21","5","0","8","28",".323",".611"
"Nick Gordon","MIN","SS","128","16","2","13","4",".256",".302","33","7","1","8","31",".377",".678"
"Connor Wong","BOS","C","106","13","3","13","2",".221",".269","23","5","1","7","41",".398",".667"
"Jose Briceno","COL","C","83","9","3","10","1",".222",".261","18","3","0","4","22",".372",".633"
"Ryan Zimmerman","WSH","1B,3B","185","24","8","30","1",".259",".323","48","10","0","18","46",".444",".767"
"Seby Zavala","CWS","C","96","12","4","13","0",".213",".267","20","4","0","7","40",".373",".640"
"Rafael Marchan","PHI","C","117","12","2","10","1",".234",".289","27","5","0","9","27",".338",".627"
"Caleb Joseph","NYM","C","68","7","2","7","0",".210",".249","14","4","0","3","21",".317",".565"
"Bryan Holaday","","C","55","5","1","6","0",".232",".292","13","3","0","5","11",".346",".639"
"Yonathan Daza","COL","CF","211","24","3","21","5",".285",".321","60","13","2","11","37",".410",".731"
"Beau Taylor","CLE","C","83","9","2","9","0",".201",".289","17","4","0","10","28",".306",".595"
"Tres Barrera","WSH","C","90","11","3","11","0",".235",".292","21","5","0","7","24",".382",".674"
"P.J. Higgins","CHC","C","149","16","3","15","1",".232",".298","35","6","0","14","34",".329",".627"
"Andrew Susac","PIT","C","71","8","2","7","1",".182",".289","13","3","0","11","25",".296",".586"
"Ali Sanchez","STL","C","124","12","3","12","1",".222",".277","27","5","0","9","33",".315",".592"
"Patrick Mazeika","NYM","C","92","10","3","11","0",".215",".277","20","4","0","8","23",".364",".641"
"Joseph Odom","TB","C","115","11","3","12","1",".202",".258","23","6","0","9","47",".306",".565"
"Austin Wynns","BAL","C","82","9","2","8","0",".239",".291","20","3","0","6","17",".332",".623"
"Joe Hudson","PIT","C","85","8","2","8","0",".198",".266","17","4","0","8","28",".288",".554"
"David Freitas","","C","185","23","4","20","0",".256",".319","47","10","0","17","39",".377",".696"
"John Ryan Murphy","PIT","C","38","5","1","4","0",".193",".242","7","1","0","2","12",".324",".566"
"Miguel Amaya","CHC","C","124","16","4","19","0",".203",".284","25","9","0","14","32",".354",".638"
"Billy McKinney","MIL","LF,RF","112","15","5","14","0",".230",".298","26","6","1","11","33",".423",".721"
"Billy Hamilton","CLE","CF","124","17","1","8","10",".227",".290","28","5","1","11","35",".308",".598"
"Brock Holt","TEX","1B,2B,3B,LF,RF","198","25","4","21","2",".255",".327","50","10","1","21","51",".358",".685"
"Phil Gosselin","LAA","1B,DH,LF,RF","118","15","3","14","0",".246",".315","29","5","0","12","32",".358",".673"
"Kyle Holder","CIN","SS","175","20","4","18","2",".242",".296","42","8","1","13","36",".367",".663"
"Gerardo Parra","WSH","1B,CF,LF,RF","124","17","5","18","3",".253",".307","31","6","0","10","30",".380",".688"
"Austin Dean","STL","LF,RF","164","21","6","22","1",".266",".321","44","10","1","13","36",".439",".759"
"Tim Lopes","MIL","LF,RF,DH","138","16","2","14","6",".254",".305","35","9","1","10","35",".362",".667"
"Abraham Almonte","ATL","LF,RF","93","13","3","10","3",".221",".307","21","5","1","12","28",".373",".681"
"Vimael Machin","OAK","3B,SS","150","19","2","14","2",".247",".327","37","7","0","18","30",".343",".670"
"Wyatt Mathisen","ARI","3B","83","12","4","12","0",".241",".315","20","4","0","9","26",".420",".735"
"Danny Mendick","CWS","2B","177","23","5","19","4",".248",".314","44","8","1","17","41",".382",".696"
"Mark Payton","CIN","LF","80","10","3","10","1",".245",".310","19","5","1","7","21",".418",".728"
"Colton Welker","COL","3B","119","14","4","17","1",".276",".329","33","7","0","9","28",".438",".767"
"Eli White","TEX","LF","132","15","3","12","3",".224",".282","30","7","1","11","46",".345",".627"
"Jon Jay","","LF,CF,RF","94","11","1","7","1",".254",".296","24","3","0","6","20",".327",".623"
"Ka'ai Tom","OAK","CF,RF","200","25","6","25","3",".232",".299","46","10","2","19","65",".391",".690"
"Nick Heath","KC","CF,Util","74","8","1","6","7",".204",".279","15","3","1","8","29",".297",".575"
"Tyrone Taylor","MIL","RF","102","12","4","12","1",".230",".278","23","6","1","7","28",".398",".676"
"Jonathan Davis","TOR","CF,RF","94","13","3","11","3",".222",".287","21","5","1","9","28",".359",".646"
"Guillermo Heredia","ATL","LF,CF,RF","82","10","2","8","1",".231",".293","19","3","0","7","21",".341",".635"
"Rylan Bannon","BAL","3B","158","19","5","19","2",".240",".306","38","8","1","15","39",".397",".704"
"Zach McKinstry","LAD","2B,Util","106","14","3","13","2",".241",".301","26","5","1","9","31",".394",".695"
"Sheldon Neuse","LAD","2B,3B","139","16","4","17","1",".247",".299","34","7","0","10","51",".373",".672"
"Chris Owings","COL","2B,3B,SS,CF","129","16","4","15","4",".239",".290","31","7","1","9","37",".387",".677"
"Santiago Espinal","TOR","SS","108","14","2","12","2",".255",".304","28","6","0","8","23",".369",".673"
"Andy Young","ARI","2B,Util","141","18","6","18","1",".234",".291","33","7","1","11","40",".408",".698"
"Edmundo Sosa","STL","2B,SS","167","20","4","18","2",".250",".286","42","8","1","8","42",".375",".661"
"Matt Duffy","CHC","2B,3B","109","13","2","12","2",".268",".331","29","5","0","10","22",".369",".700"
"Seth Beer","ARI","1B,LF","197","26","9","27","0",".258",".308","51","9","0","14","52",".432",".740"
"Scott Heineman","CIN","CF","82","11","3","9","3",".242",".294","20","4","0","6","24",".387",".681"
"Pablo Sandoval","ATL","1B,3B,DH","106","13","4","16","0",".247",".310","26","5","0","10","28",".414",".723"
"Brian O'Grady","SD","CF","85","11","4","12","3",".213",".284","18","4","1","8","32",".408",".692"
"Brian Dozier","","2B","287","40","13","38","4",".231",".319","66","16","1","37","71",".411",".730"
"JJ Bleday","MIA","RF","106","10","3","11","0",".217",".269","23","4","0","8","29",".347",".616"
"Justin Williams","STL","RF","142","17","4","17","2",".245",".299","35","6","0","11","43",".392",".692"
"Matt Adams","","1B,DH","116","14","7","21","0",".220",".273","26","5","0","9","36",".433",".706"
"Mark Mathias","MIL","RF","84","10","2","8","2",".233",".297","19","6","0","8","23",".358",".655"
"Ehire Adrianza","ATL","1B,2B,3B,SS,RF","107","14","2","11","1",".248",".316","27","5","0","11","26",".354",".670"
"Logan Forsythe","","1B,2B,3B,SS","133","16","3","13","1",".218",".311","29","6","0","18","44",".327",".637"
"Alex Blandino","CIN","2B,3B","106","14","3","11","1",".226",".315","24","5","0","14","36",".348",".663"
"Kyle Garlick","MIN","LF","84","10","4","13","0",".223",".269","19","5","0","5","33",".426",".695"
"Mickey Moniak","PHI","LF,Util","91","11","2","10","2",".228",".280","21","5","2","7","27",".368",".648"
"Max Schrock","CIN","2B,Util","90","10","2","9","2",".246",".299","22","4","0","7","19",".350",".649"
"Jordy Mercer","WSH","1B,2B,SS","121","14","4","13","1",".259",".311","31","6","0","9","27",".382",".692"
"Khalil Lee","NYM","CF,RF","121","15","2","12","9",".221",".295","27","6","1","13","47",".354",".650"
"LaMonte Wade Jr.","SF","CF","85","11","2","7","2",".236",".330","20","4","0","12","18",".345",".676"
"Braden Bishop","SEA","CF,RF","94","11","2","9","1",".219",".280","21","5","0","8","27",".333",".613"
"Matt Thaiss","LAA","1B,3B","125","17","5","17","1",".233",".311","29","6","1","14","34",".396",".706"
"Jace Peterson","MIL","3B,LF,RF","70","9","2","8","2",".239",".336","17","3","1","10","19",".377",".712"
"Bobby Bradley","CLE","1B,DH","125","16","7","19","0",".223",".290","28","6","0","12","49",".446",".736"
"Austin Listi","PHI","1B","146","18","5","20","0",".225",".295","33","6","1","15","43",".400",".695"
"DJ Peters","LAD","CF","98","12","4","14","0",".193",".261","19","3","1","9","49",".375",".636"
"Mark Trumbo","","DH,Util","142","18","7","21","0",".228",".280","32","6","0","10","45",".411",".691"
"JT Riddle","MIN","3B,SS,CF","188","24","7","22","2",".226",".269","42","10","1","11","49",".383",".651"
"Micker Adolfo","CWS","RF","91","11","3","11","0",".191",".261","17","4","0","9","40",".357",".618"
"Jaylin Davis","SF","RF","107","13","4","13","1",".228",".284","24","5","0","8","37",".413",".697"
"C.J. Chatham","PHI","SS","115","12","2","11","1",".257",".292","30","6","0","6","28",".361",".653"
"Ildemaro Vargas","CHC","2B,3B","131","16","2","13","1",".266",".304","35","6","1","7","19",".389",".693"
"Ramon Urias","BAL","SS","95","13","3","12","1",".258",".314","25","6","0","8","24",".412",".726"
"Adolis Garcia","TEX","LF","117","15","5","16","3",".223",".256","26","6","1","5","44",".395",".652"
"Greg Garcia","DET","2B,3B","101","13","2","11","1",".239",".333","24","4","1","14","29",".332",".665"
"Sergio Alcantara","CHC","2B,3B","84","9","1","6","1",".230",".295","19","3","1","8","21",".300",".595"
"Josh Jung","TEX","3B","143","15","2","15","2",".234",".285","33","8","0","10","33",".339",".625"
"Neil Walker","","1B,2B,3B","115","15","3","14","0",".238",".313","27","5","0","13","30",".369",".682"
"Andy Ibanez","TEX","2B,3B","39","4","1","4","0",".245",".299","10","2","0","3","9",".370",".669"
"Josh Phegley","","C,DH","113","15","4","18","0",".221",".264","25","6","0","7","25",".372",".637"
"Luis Gonzalez","CWS","CF,Util","97","12","2","11","2",".223",".282","22","4","1","8","28",".360",".642"
"Charlie Culberson","TEX","1B,SS,LF,RF","120","14","4","14","1",".235",".283","28","5","1","8","39",".389",".672"
"Sherten Apostel","TEX","1B,Util","103","12","4","12","0",".219",".284","23","5","1","9","34",".346",".630"
"Jake Noll","WSH","1B,Util","111","14","3","13","1",".251",".292","28","5","0","6","25",".376",".667"
"Ronnie Dawson","HOU","LF,CF","95","12","3","11","3",".200",".265","19","4","0","8","36",".345",".610"
"Michael Hermosillo","CHC","LF","86","11","3","10","3",".209",".272","18","4","1","7","32",".369",".642"
"Josh Palacios","TOR","CF","112","13","3","11","3",".219",".284","25","5","1","10","34",".346",".630"
"Trevor Larnach","MIN","RF","115","13","3","13","1",".256",".317","29","6","0","10","35",".411",".727"
"Kody Clemens","DET","2B","245","26","7","30","4",".220",".275","54","13","2","19","72",".386",".661"
"Ronald Torreyes","PHI","SS,Util","153","19","4","16","2",".254",".289","39","7","1","7","24",".390",".679"
"Will Craig","PIT","1B","105","13","4","13","1",".220",".284","23","5","0","9","34",".373",".656"
"Lucas Erceg","MIL","3B","140","16","4","16","1",".217",".273","30","6","0","11","40",".357",".631"
"Luis Barrera","OAK","CF","104","12","1","10","3",".241",".280","25","5","2","6","26",".371",".651"
"Josh Ockimey","BOS","1B","102","14","5","13","0",".207",".307","21","5","0","15","42",".414",".720"
"Kelvin Gutierrez","KC","3B","87","10","2","10","2",".242",".302","21","4","1","8","26",".365",".668"
"Akil Baddoo","DET","CF","78","10","2","7","3",".205",".271","16","3","1","7","24",".335",".606"
"Yu Chang","CLE","3B,SS","124","16","4","15","1",".234",".300","29","6","1","12","38",".372",".672"
"Mike Freeman","CLE","2B,3B,SS","74","10","2","8","1",".248",".318","18","4","0","8","23",".349",".667"
"Chris Shaw","BAL","1B,LF","100","13","5","16","0",".240",".285","24","5","0","6","32",".433",".718"
"Luis Alexander Basabe","SF","RF,Util","113","14","2","10","5",".211",".287","24","5","1","12","42",".318",".605"
"Jason Martin","TEX","LF,CF","80","10","2","9","2",".235",".291","19","4","1","6","24",".369",".660"
"Stuart Fairchild","ARI","LF,CF","87","10","2","9","2",".223",".287","20","5","1","8","25",".384",".670"
"Jonathan Arauz","BOS","2B","163","20","4","19","2",".247",".307","40","8","1","14","45",".366",".673"
"Luke Raley","LAD","CF,LF,RF","170","23","6","23","2",".228",".267","39","6","2","9","60",".410",".677"
"Dwight Smith Jr.","BAL","LF","81","10","3","11","1",".242",".306","20","5","1","7","22",".405",".711"
"Jack Mayfield","LAA","3B,SS","130","17","5","18","2",".243",".288","32","8","1","8","35",".399",".687"
"Estevan Florial","NYY","CF","84","10","2","9","2",".206",".264","17","3","1","7","36",".346",".610"
"Travis Blankenhorn","MIN","2B","109","13","4","13","2",".243",".284","26","6","1","6","31",".419",".703"
"Gavin Sheets","CWS","1B","117","15","4","16","0",".238",".305","28","5","0","11","30",".403",".707"
"Scott Schebler","LAA","CF,RF","80","10","3","11","0",".219",".284","18","4","0","7","23",".380",".664"
"Bret Boswell","COL","2B,3B,SS","112","14","4","13","2",".225",".273","25","4","0","8","40",".389",".662"
"Marcus Wilson","BOS","LF,CF","101","12","3","12","2",".211",".278","21","5","0","9","40",".374",".653"
"Jose Siri","HOU","CF","109","12","3","12","5",".200",".250","22","3","1","7","45",".336",".585"
"Stephen Wrenn","HOU","CF","175","20","4","17","8",".212",".269","37","7","1","14","58",".347",".617"
"Elehuris Montero","COL","3B","134","14","4","14","0",".222",".266","30","6","0","8","43",".386",".652"
"Zack Short","DET","SS","112","15","3","12","2",".218",".317","25","7","1","16","41",".366",".683"
"Jason Vosler","SF","3B","109","14","4","14","0",".231",".297","25","5","1","10","32",".373",".670"
"Greg Deichmann","OAK","RF","181","19","6","20","5",".202",".265","36","8","1","16","63",".347",".612"
"Derek Hill","DET","CF","82","10","2","7","3",".204",".253","17","3","1","5","32",".311",".565"
"Hernan Perez","WSH","1B,2B,3B,SS","96","12","3","12","2",".253",".301","24","5","0","7","24",".392",".693"
"Wilmer Difo","PIT","2B,SS","167","22","4","16","4",".251",".310","42","9","2","14","44",".365",".675"
"Lucius Fox","KC","SS","109","13","1","9","6",".233",".297","25","5","1","10","28",".330",".627"
"John Nogowski","STL","1B","87","12","3","11","0",".253",".330","22","4","0","10","17",".382",".713"
"Troy Stokes Jr.","PIT","LF,CF","237","30","8","26","8",".211",".287","50","11","2","25","76",".364",".651"
"Dustin Peterson","MIL","3B,LF","226","24","7","26","1",".234",".276","53","11","1","13","65",".378",".654"
"Cesar Puello","BOS","LF,CF,RF","75","9","2","9","1",".253",".316","19","4","0","7","23",".365",".681"
"Taylor Jones","HOU","DH,Util","80","11","3","11","0",".226",".298","18","4","0","8","26",".380",".678"
"Zach Green","MIL","3B","145","19","7","22","0",".211",".274","31","8","1","13","61",".414",".689"
"Nick Williams","CWS","LF,RF","99","14","5","15","1",".244",".286","24","5","1","6","34",".428",".714"
"Skye Bolt","OAK","CF","100","12","3","11","2",".202",".268","20","5","1","9","37",".340",".608"
"Zach Reks","LAD","LF","119","16","4","17","1",".227",".296","27","4","1","12","42",".381",".677"
"Evan Mendoza","STL","3B","238","24","3","19","3",".237",".278","56","9","2","14","57",".342",".620"
"Triston Casas","BOS","1B,3B","262","33","12","37","2",".217",".279","57","13","2","23","90",".373",".652"
"Max Moroff","STL","2B,SS","69","10","2","9","1",".203",".307","14","3","0","10","24",".360",".667"
"Ryan McKenna","BAL","CF","112","14","3","11","3",".232",".297","26","5","1","10","34",".359",".656"
"Blake Rutherford","CWS","CF,RF","111","12","2","12","2",".231",".278","26","4","1","7","34",".361",".640"
"Tyler Nevin","BAL","1B,3B","125","16","4","14","1",".241",".314","30","6","1","13","34",".407",".721"
"Omar Estevez","LAD","2B,SS","112","12","3","13","0",".224",".273","25","7","0","8","32",".360",".633"
"Forrest Wall","TOR","2B,CF","264","32","6","26","9",".217",".281","57","12","2","24","86",".349",".630"
"Alfredo Rodriguez","CIN","SS","191","18","1","11","4",".228",".262","43","7","1","9","40",".297",".560"
"Nick Banks","WSH","RF","187","19","5","18","3",".234",".275","44","9","2","11","70",".358",".634"
"Corey Ray","MIL","CF","124","14","4","13","4",".188",".258","23","6","1","12","64",".358",".615"
"Tyler White","TOR","1B","110","14","4","17","0",".247",".322","27","6","0","12","28",".402",".723"
"Andrew Velazquez","NYY","SS","95","13","2","11","4",".230",".291","22","4","1","8","31",".354",".645"
"Tyler Freeman","CLE","SS","281","32","2","20","7",".261",".288","73","15","3","11","37",".336",".624"
"Joey Rickard","","LF,CF,RF","213","25","4","20","3",".233",".291","50","12","2","18","82",".370",".661"
"Sean Rodriguez","","2B,3B,SS,LF","64","9","2","7","0",".208",".295","13","2","0","8","24",".356",".651"
"Jorge Bonifacio","","LF,RF","160","20","5","22","1",".229",".285","37","6","1","13","50",".365",".651"
"Trayce Thompson","ARI","CF,LF,RF","140","16","5","16","2",".186",".241","26","5","1","10","55",".343",".584"
"Kevin Kramer","PIT","2B,3B,LF,RF","156","19","4","18","2",".232",".294","36","12","2","14","57",".360",".654"
"Stevie Wilkerson","BAL","2B,LF,CF,RF","205","24","6","21","3",".230",".276","47","10","1","13","104",".366",".641"
"Travis Jankowski","PHI","CF,Util","68","8","0","4","4",".227",".303","15","2","0","7","18",".299",".602"
"Breyvic Valera","TOR","2B,SS","93","12","2","11","1",".268",".328","25","4","1","8","14",".379",".707"
"Colton Shaver","HOU","C,1B","229","29","10","30","1",".199",".271","46","10","1","23","86",".380",".651"
"Nick Allen","OAK","SS","159","16","1","12","5",".230",".272","37","8","1","9","34",".313",".586"
"Rob Refsnyder","MIN","1B,DH,Util","150","18","3","14","1",".237",".298","36","14","1","13","45",".390",".688"
"Erick Mejia","KC","3B,CF","167","19","2","14","6",".232",".282","39","11","2","12","41",".323",".605"
"Adrian Sanchez","WSH","2B,3B","147","16","2","15","4",".251",".286","37","8","1","7","36",".351",".637"
"Cheslor Cuthbert","CIN","1B,3B","122","12","5","17","1",".250",".306","31","6","1","10","36",".388",".694"
"Kevin Smith","TOR","SS","130","15","5","17","3",".210",".251","27","5","1","7","45",".385",".635"
"Yermin Mercedes","CWS","C,DH","85","11","3","12","0",".246",".304","21","4","0","7","22",".428",".732"
"Jonathan India","CIN","3B","150","20","5","16","3",".231",".308","35","5","2","17","60",".388",".696"
"Donovan Walton","SEA","SS,Util","59","7","1","6","1",".255",".317","15","3","0","5","12",".353",".670"
"Robel Garcia","HOU","2B,LF","126","18","6","21","1",".229",".299","29","5","1","13","39",".422",".721"
"Richard Urena","BAL","2B,SS","184","20","4","20","2",".248",".288","46","10","1","10","45",".365",".652"
"Jorge Ona","SD","DH","75","9","2","9","0",".214",".277","16","4","0","7","30",".406",".684"
"Taylor Walls","TB","SS","129","17","3","14","6",".243",".305","31","6","1","12","35",".382",".686"
"Owen Miller","CLE","SS","127","15","2","13","1",".263",".308","33","7","1","8","23",".374",".683"
"Domingo Leyba","ARI","2B,SS","141","19","4","16","0",".253",".300","36","10","2","9","33",".419",".718"
"Tim Beckham","CWS","2B,3B,SS,LF","87","11","3","13","1",".241",".291","21","4","0","6","29",".413",".703"
"Yasmany Tomas","WSH","LF,RF,DH","131","15","6","21","1",".246",".276","32","7","1","5","46",".412",".689"
"Alex De Goti","HOU","2B,SS","260","31","6","27","3",".233",".285","61","12","1","19","65",".361",".645"
"Kramer Robertson","STL","2B,SS","117","14","2","10","3",".215",".291","25","5","1","13","26",".320",".611"
"Nick Maton","PHI","SS","220","25","5","24","4",".227",".290","50","10","2","20","63",".373",".664"
"Ernie Clement","CLE","SS","127","14","1","9","4",".247",".284","31","6","1","6","13",".338",".621"
"Eddy Alvarez","MIA","2B","49","7","1","5","2",".224",".303","11","3","0","6","11",".335",".638"
"Matt Davidson","LAD","DH,Util","154","20","9","30","1",".237",".298","37","9","1","14","60",".447",".745"
"Tzu-Wei Lin","MIN","SS","103","11","2","8","2",".222",".276","23","5","1","8","33",".328",".604"
"Christian Colon","","2B,Util","197","23","3","18","7",".241",".303","48","19","1","18","30",".315",".618"
"Jake Burger","CWS","3B","314","43","11","42","2",".241",".302","76","13","1","28","70",".430",".732"
"Abiatal Avelino","CHC","SS","286","31","6","28","8",".248",".282","71","11","4","14","101",".360",".642"
"Patrick Wisdom","CHC","1B","226","30","11","34","4",".222",".285","50","10","1","20","139",".408",".693"
"Hudson Potts","BOS","3B,SS","273","32","9","36","2",".226",".274","62","15","1","18","91",".386",".660"
"Gilberto Celestino","MIN","CF","287","30","7","27","8",".232",".279","67","13","1","18","65",".334",".612"
"Nick Tanielu","SD","2B,3B","241","29","7","31","2",".248",".291","60","14","1","15","46",".385",".676"
"Rusney Castillo","","LF,CF,RF","242","27","5","24","4",".269",".297","65","13","1","9","40",".385",".682"
"Simon Muzziotti","PHI","CF","278","29","3","21","12",".245",".285","68","11","2","16","54",".324",".609"
"Darick Hall","PHI","1B","221","29","10","36","1",".219",".286","48","11","0","21","78",".434",".720"
"Kevin Cron","","1B,DH","168","24","10","30","1",".235",".300","40","8","1","16","70",".448",".748"
"Eric Thames","","1B,DH,RF","187","26","10","28","2",".229",".312","43","9","1","23","66",".432",".744"
"Kyle Isbel","KC","CF","191","23","5","20","11",".233",".275","45","10","2","11","85",".390",".664"
"Mario Feliciano","MIL","C","265","31","10","35","1",".216",".258","57","11","3","15","101",".359",".616"
"Josh VanMeter","ARI","1B,2B,LF","183","26","6","23","5",".241",".315","44","10","1","20","52",".413",".727"
"Ronaldo Hernandez","BOS","C","228","26","7","28","3",".235",".273","54","10","2","12","51",".361",".634"
"Dawel Lugo","","3B","229","26","4","24","2",".261",".286","60","14","3","8","54",".378",".664"
"Nick Martini","CHC","LF","221","29","4","22","3",".254",".334","56","11","3","27","95",".364",".698"
"Jeremy Pena","HOU","SS","251","28","5","21","8",".230",".279","58","9","3","17","60",".321",".600"
"TJ Friedl","CIN","LF,RF","245","30","4","21","10",".220",".289","54","10","4","24","123",".346",".635"
"Mason Williams","","LF,CF","217","25","6","21","3",".253",".300","55","14","4","15","48",".416",".716"
"Jose Osuna","","1B,3B,RF","179","24","6","25","1",".254",".303","45","14","1","13","38",".432",".734"
"Melky Cabrera","","LF,CF,RF","203","22","4","26","1",".266",".301","54","13","1","10","29",".379",".680"
"Brett Cumberland","BAL","C","239","30","9","30","1",".210",".285","50","12","1","25","84",".388",".672"
"Christian Bethancourt","PHI","C,RP","184","20","8","27","2",".231",".261","43","8","0","8","79",".389",".650"
"Eduardo Nunez","","2B,3B,RF","187","20","4","19","6",".255",".280","48","11","1","6","30",".364",".644"
"Buddy Reed","OAK","LF,CF","235","24","6","26","12",".189",".243","45","9","2","17","97",".338",".580"
"Greg Bird","COL","1B","165","23","8","26","0",".227",".313","38","9","0","21","50",".441",".755"
"Freudis Nova","HOU","SS","229","24","6","23","8",".216",".244","49","9","0","8","64",".308",".551"
"Carlos Gonzalez","","LF,RF","231","30","7","23","2",".219",".285","51","11","1","22","110",".354",".639"
"Jeisson Rosario","BOS","CF","267","34","3","21","6",".220",".314","59","10","3","36","82",".309",".622"
"Brandon Dixon","","1B,LF,RF","181","20","6","24","3",".236",".277","43","11","2","10","61",".401",".678"
"Geraldo Perdomo","ARI","SS","224","26","3","18","10",".221",".296","49","9","2","24","52",".300",".596"
"Kevin Padlo","TB","3B","172","22","7","23","4",".214",".298","37","9","1","21","88",".426",".724"
"Gabriel Arias","CLE","SS","202","22","6","24","2",".233",".270","47","9","1","10","65",".366",".636"
"Daniel Descalso","","2B,3B","209","28","6","28","2",".206",".309","43","9","2","31","88",".348",".657"
"Taylor Gushue","CHC","C","198","22","7","24","0",".225",".278","45","9","1","15","101",".387",".665"
"Adeiny Hechavarria","","2B,3B,SS","156","19","3","17","1",".257",".298","40","7","1","9","30",".365",".663"
"Rodolfo Castro","PIT","2B,SS","225","23","5","22","3",".214",".256","48","11","2","13","73",".330",".586"
"Gordon Beckham","","2B,3B,SS","222","24","5","19","3",".216",".267","48","10","1","16","74",".330",".597"
"Riley Adams","TOR","C","213","24","6","22","2",".206",".274","44","9","1","20","80",".342",".616"
"Marco Hernandez","CWS","2B,3B","206","23","3","16","3",".233",".256","48","9","1","7","86",".327",".583"
"Jerar Encarnacion","MIA","RF","248","24","6","24","2",".205",".248","51","8","1","14","87",".317",".565"
"Andrew Romine","MIN","SS","127","17","3","12","3",".243",".289","31","6","1","8","33",".348",".638"
"Heliot Ramos","SF","CF","133","16","4","16","2",".230",".285","31","6","1","10","51",".388",".673"
"Ryan Cordell","","CF,RF","148","15","4","17","4",".215",".265","32","6","1","10","54",".353",".618"
"Ivan Herrera","STL","C","165","19","5","16","1",".216",".274","36","5","1","13","45",".322",".596"
"Rangel Ravelo","LAD","1B,RF,DH","118","15","3","15","0",".251",".311","30","7","1","10","25",".383",".694"
"Keon Broxton","MIN","LF,CF","112","14","5","12","6",".185",".259","21","4","1","11","61",".335",".594"
"Blake Swihart","WSH","C,LF,RF","151","19","5","17","2",".195",".257","30","5","1","13","78",".316",".572"
"Elier Hernandez","TEX","LF,RF","251","23","4","20","3",".205",".243","52","10","2","13","144",".305",".548"
"John Hicks","TEX","C,1B","125","13","5","16","1",".227",".265","28","6","0","6","40",".370",".635"
"Aaron Whitefield","MIN","CF","210","18","4","14","12",".174",".215","37","7","1","11","140",".205",".420"
"Jeison Guzman","KC","SS","170","16","2","13","6",".216",".253","37","7","2","8","58",".301",".554"
"Christopher Morel","CHC","3B","176","17","4","17","3",".205",".233","36","6","2","6","50",".307",".540"
"Jose Devers","MIA","SS","219","20","0","12","6",".224",".265","49","7","3","12","44",".279",".544"
"Elliot Soto","LAD","SS,Util","181","20","2","14","2",".223",".280","40","7","2","14","45",".320",".599"
"Jack Kruger","LAA","C","223","21","3","17","2",".211",".253","47","8","1","13","57",".310",".563"
"Jose Lobaton","CHC","C","168","16","5","17","1",".200",".258","34","8","1","13","85",".330",".587"
"Yadiel Rivera","","3B,SS","125","12","3","12","4",".207",".246","26","6","1","6","50",".348",".593"
"Ryan Lavarnway","CIN","C","120","13","3","12","0",".229",".291","28","10","0","11","31",".255",".546"
"Juan Lagares","LAA","CF","96","13","2","9","2",".234",".285","22","5","0","7","24",".343",".627"
"Nicky Delmonico","CIN","LF,RF","92","11","3","12","1",".221",".297","20","5","1","10","28",".362",".659"
"Wynston Sawyer","SD","C","129","14","3","13","0",".219",".274","28","7","0","10","41",".334",".608"
"Terrance Gore","ATL","LF,CF,RF","87","11","0","3","10",".187",".255","16","3","2","8","33",".232",".487"
"Nick Fortes","MIA","C","171","16","2","15","1",".203",".266","35","7","1","15","37",".287",".553"
"Sebastian Rivero","KC","C","207","17","2","16","1",".191",".226","40","9","1","9","59",".273",".499"
"Michael Reed","SF","LF,RF","50","5","1","5","2",".201",".256","10","2","0","4","18",".321",".577"
"Erik Kratz","","C","33","4","1","5","0",".252",".296","8","2","0","2","7",".387",".683"
""
""