"Player","Team","Positions","IP","K","W","SV","ERA","WHIP","ER","H","BB","HR","G","GS","L","CG","Rost%"
"Gerrit Cole","NYY","SP","194.3","254","15","0","3.16","1.02","68","151","48","26","31","31","8","2","99%"
"Corbin Burnes","MIL","SP","174.8","226","13","0","3.02","1.05","59","133","51","16","29","29","7","0","99%"
"Max Scherzer","NYM","SP","179.9","227","13","0","3.27","1.03","65","140","46","25","30","29","8","1","99%"
"Walker Buehler","LAD","SP","191.7","199","14","0","3.57","1.13","76","164","52","24","31","31","7","0","99%"
"Brandon Woodruff","MIL","SP","184.9","211","13","0","3.37","1.09","69","152","49","22","31","31","8","0","99%"
"Shane Bieber","CLE","SP","181.0","226","13","0","3.28","1.11","66","150","51","23","29","29","8","1","99%"
"Zack Wheeler","PHI","SP","190.1","195","13","0","3.44","1.13","73","167","48","20","30","30","8","2","99%"
"Julio Urias","LAD","SP","173.4","176","14","0","3.68","1.14","71","153","46","23","31","30","7","0","99%"
"Lucas Giolito","CWS","SP","185.5","217","13","0","3.69","1.13","76","152","58","27","31","31","9","2","99%"
"Aaron Nola","PHI","SP","186.9","214","13","0","3.73","1.14","78","161","52","26","31","31","9","2","99%"
"Josh Hader","MIL","RP","63.8","101","4","33","2.82","1.00","20","38","26","8","64","0","2","0","99%"
"Sandy Alcantara","MIA","SP","192.1","181","12","0","3.72","1.20","79","172","58","22","31","31","10","1","99%"
"Shohei Ohtani","LAA","SP,DH","132.1","150","9","0","4.09","1.25","60","118","47","18","39","26","6","0","50%"
"Liam Hendriks","CWS","RP","68.8","99","4","33","2.82","0.93","22","50","15","9","68","0","3","0","99%"
"Robbie Ray","SEA","SP","183.6","231","12","0","3.84","1.17","78","149","66","29","31","31","9","0","99%"
"Freddy Peralta","MIL","SP","157.1","202","11","0","3.74","1.17","65","119","64","21","29","29","8","1","99%"
"Kevin Gausman","TOR","SP","178.0","199","13","0","3.79","1.16","75","157","49","25","31","31","8","0","99%"
"Max Fried","ATL","SP","178.7","170","13","0","3.67","1.20","73","162","53","20","31","30","8","2","99%"
"Logan Webb","SF","SP","170.1","167","11","0","3.51","1.20","66","153","52","14","30","30","8","0","99%"
"Joe Musgrove","SD","SP","174.8","187","11","0","3.83","1.18","74","153","53","23","30","30","9","2","99%"
"Jose Berrios","TOR","SP","191.4","197","13","0","3.91","1.18","83","172","54","26","31","31","9","1","99%"
"Charlie Morton","ATL","SP","163.2","177","12","0","3.60","1.16","65","136","53","17","28","28","7","0","99%"
"Raisel Iglesias","LAA","RP","67.1","90","4","32","3.23","1.05","24","54","17","9","66","0","3","0","99%"
"Frankie Montas","OAK","SP","178.1","190","11","0","3.80","1.21","75","160","55","23","31","31","10","0","99%"
"Justin Verlander","HOU","SP","156.5","175","11","0","3.52","1.07","61","127","41","25","27","27","7","1","96%"
"Carlos Rodon","SF","SP","147.1","177","11","0","3.45","1.13","56","117","49","17","27","26","7","1","98%"
"Dylan Cease","CWS","SP","164.7","197","11","0","4.10","1.27","75","140","69","23","31","31","9","1","98%"
"Emmanuel Clase","CLE","RP","66.0","71","4","31","2.99","1.11","22","55","18","5","68","0","3","0","98%"
"Trevor Rogers","MIA","SP","153.0","167","10","0","3.77","1.23","64","134","55","18","29","29","9","0","95%"
"Edwin Diaz","NYM","RP","65.5","94","4","32","3.30","1.13","24","49","25","7","66","0","3","0","98%"
"Yu Darvish","SD","SP","169.4","192","11","0","3.91","1.15","74","146","49","26","29","29","9","0","99%"
"Alek Manoah","TOR","SP","152.5","167","11","0","3.84","1.19","65","127","54","21","27","27","7","0","97%"
"Ryan Pressly","HOU","RP","64.4","78","4","32","3.04","1.07","22","53","17","6","64","0","2","0","98%"
"Shane McClanahan","TB","SP","149.9","162","11","0","3.86","1.24","64","136","50","19","28","28","8","0","96%"
"Aroldis Chapman","NYY","RP","61.1","94","4","32","3.12","1.20","21","41","32","7","63","0","3","0","99%"
"Clayton Kershaw","LAD","SP","147.2","156","12","0","3.42","1.07","56","125","33","21","25","25","6","0","96%"
"Chris Bassitt","NYM","SP","172.5","168","11","0","3.86","1.17","74","153","50","22","30","30","9","1","96%"
"Kenley Jansen","ATL","RP","65.7","79","4","24","3.64","1.17","27","51","26","8","68","0","3","0","97%"
"Luis Castillo","CIN","SP","167.3","174","11","0","3.89","1.28","72","150","64","19","28","28","9","0","95%"
"Blake Snell","SD","SP","138.5","170","9","0","3.93","1.28","61","115","62","19","27","27","7","0","94%"
"Pablo Lopez","MIA","SP","146.6","146","9","0","3.83","1.20","62","134","41","18","28","27","8","0","91%"
"Eduardo Rodriguez","DET","SP","174.0","184","11","0","3.92","1.26","76","163","56","21","31","31","10","0","93%"
"Sean Manaea","SD","SP","169.9","170","11","0","3.86","1.18","73","160","42","24","30","30","9","2","94%"
"Jordan Romano","TOR","RP","63.3","81","4","29","3.45","1.16","24","49","25","8","63","0","3","0","93%"
"Framber Valdez","HOU","SP","173.3","162","12","0","3.86","1.34","74","161","70","17","30","29","9","1","95%"
"Nathan Eovaldi","BOS","SP","169.5","173","11","0","3.97","1.20","75","164","40","22","30","30","8","0","96%"
"Lance Lynn","CWS","SP","133.0","142","9","0","3.71","1.16","55","113","41","18","22","22","6","1","96%"
"Craig Kimbrel","LAD","RP","62.0","90","4","28","3.55","1.15","24","44","27","9","65","0","3","0","94%"
"Tyler Mahle","CIN","SP","172.0","188","11","0","4.25","1.26","81","155","61","26","31","31","9","0","96%"
"Sonny Gray","MIN","SP","160.5","165","10","0","3.89","1.26","69","142","60","19","29","29","9","0","93%"
"Jacob deGrom","NYM","SP","109.3","150","8","0","2.44","0.89","30","73","25","11","17","17","4","1","97%"
"Giovanny Gallegos","STL","RP","70.8","85","4","25","3.38","1.05","27","55","20","9","70","0","3","0","95%"
"Logan Gilbert","SEA","SP","143.0","147","8","0","4.23","1.22","67","134","41","23","27","27","8","0","87%"
"Ian Anderson","ATL","SP","154.8","153","11","0","4.08","1.30","70","137","64","19","29","28","7","0","91%"
"Luis Garcia","HOU","SP","153.0","161","10","0","4.10","1.25","70","135","56","23","28","28","8","0","93%"
"Zac Gallen","ARI","SP","160.0","170","9","0","4.13","1.26","74","142","60","23","28","28","9","1","89%"
"Michael Kopech","CWS","SP,RP","129.8","162","9","0","3.78","1.20","55","107","49","18","32","22","6","0","93%"
"John Means","BAL","SP","164.9","147","9","0","4.33","1.18","79","156","38","31","29","29","11","1","81%"
"Taylor Rogers","SD","RP","61.3","76","4","26","3.13","1.12","21","53","15","6","61","0","3","0","84%"
"Mike Clevinger","SD","SP","117.1","125","8","0","3.81","1.23","50","102","41","16","25","21","6","1","79%"
"Mark Melancon","ARI","RP","64.3","55","3","25","3.87","1.33","28","63","22","6","65","0","3","0","77%"
"Chris Sale","BOS","SP","105.5","129","8","0","3.67","1.14","43","90","30","14","19","19","5","0","91%"
"Tarik Skubal","DET","SP","149.8","163","9","0","4.34","1.27","72","138","51","25","29","29","10","0","86%"
"Marcus Stroman","CHC","SP","177.0","147","11","0","4.02","1.28","79","174","52","22","31","31","10","0","89%"
"Scott Barlow","KC","RP","72.5","88","4","25","3.66","1.27","29","63","29","8","70","0","3","0","88%"
"Jose Urquidy","HOU","SP","139.4","123","9","0","4.28","1.19","66","132","33","24","27","26","7","0","78%"
"Jordan Montgomery","NYY","SP","158.9","161","10","0","3.99","1.24","70","149","49","22","30","30","8","0","68%"
"Corey Knebel","PHI","SP,RP","57.5","71","3","24","3.86","1.23","25","47","23","8","64","0","3","0","85%"
"Patrick Sandoval","LAA","SP","139.2","145","9","0","4.14","1.31","64","127","56","19","26","25","8","0","59%"
"Shane Baz","TB","SP","98.7","108","7","0","3.87","1.20","42","84","34","14","20","20","5","0","77%"
"Jack Flaherty","STL","SP","122.3","130","8","0","3.64","1.15","49","98","42","17","22","22","6","0","87%"
"Adam Wainwright","STL","SP","178.3","143","11","0","4.17","1.26","83","172","52","24","30","29","10","3","92%"
"Ranger Suarez","PHI","SP,RP","150.0","137","10","0","4.00","1.30","67","142","52","17","28","27","8","2","86%"
"Alex Wood","SF","SP","143.4","143","9","0","3.85","1.24","61","133","44","17","27","27","8","0","77%"
"Anthony DeSclafani","SF","SP","163.8","146","10","0","4.29","1.26","78","157","49","23","30","30","10","2","87%"
"Luis Severino","NYY","RP","137.3","145","10","0","3.82","1.22","58","126","41","19","28","25","7","1","86%"
"Camilo Doval","SF","RP","62.8","75","4","17","3.88","1.30","27","52","30","7","64","0","4","0","70%"
"Matt Barnes","BOS","RP","62.3","87","4","18","3.72","1.25","26","50","28","8","66","0","3","0","76%"
"Gregory Soto","DET","RP","66.8","79","3","21","3.84","1.37","29","55","37","7","64","0","3","0","61%"
"Joe Ryan","MIN","SP","137.8","142","9","0","4.04","1.18","62","122","41","22","26","26","8","0","74%"
"David Bednar","PIT","RP","64.7","77","3","18","3.60","1.20","26","54","24","8","65","0","3","0","55%"
"Hyun Jin Ryu","TOR","SP","166.4","145","12","0","3.95","1.22","73","163","40","23","29","29","9","1","87%"
"German Marquez","COL","SP","183.7","171","11","0","4.38","1.32","89","183","60","25","31","31","11","2","81%"
"Andrew Kittredge","TB","SP,RP","69.1","73","4","20","3.34","1.13","26","61","17","8","65","0","3","0","58%"
"Triston McKenzie","CLE","SP","130.9","142","7","0","4.50","1.28","66","113","54","23","26","26","8","0","68%"
"Noah Syndergaard","LAA","SP","150.5","138","9","0","4.17","1.24","70","146","41","21","27","27","8","1","85%"
"Paul Sewald","SEA","RP","64.8","85","4","8","3.73","1.17","27","53","23","10","64","0","3","0","36%"
"Huascar Ynoa","ATL","SP","124.8","125","8","0","4.18","1.28","58","116","44","18","24","24","6","0","31%"
"Jon Gray","TEX","SP","163.6","158","10","0","4.30","1.30","78","155","58","23","30","30","10","0","71%"
"Aaron Civale","CLE","SP","165.8","138","10","0","4.49","1.27","83","166","45","28","29","28","11","1","78%"
"Steven Matz","STL","SP","153.9","140","10","0","4.24","1.29","72","150","49","22","29","29","9","0","49%"
"Alex Cobb","SF","SP","138.7","125","9","0","4.03","1.31","62","134","47","15","26","26","8","0","44%"
"Tanner Houck","BOS","SP,RP","131.2","143","8","0","4.22","1.30","61","120","50","16","30","24","7","0","63%"
"Yusei Kikuchi","TOR","SP","152.5","147","10","0","4.38","1.31","74","144","55","23","28","28","8","0","47%"
"Casey Mize","DET","SP","155.6","128","8","0","4.53","1.29","78","154","47","23","30","30","10","1","56%"
"Lou Trivino","OAK","RP","68.5","66","4","24","4.04","1.34","31","61","30","8","68","0","4","0","56%"
"Bailey Ober","MIN","SP","131.5","131","8","0","4.34","1.23","63","129","33","23","27","26","7","0","58%"
"Lance McCullers Jr.","HOU","SP","98.5","105","7","0","3.24","1.22","35","79","41","10","17","17","4","0","64%"
"Blake Treinen","LAD","RP","66.8","73","4","8","3.37","1.17","25","54","24","6","68","0","3","0","73%"
"Jake McGee","SF","RP","60.1","60","3","16","3.98","1.17","27","55","15","9","63","0","3","0","67%"
"Carlos Carrasco","NYM","SP","132.7","136","8","0","4.42","1.30","65","130","43","22","25","25","8","1","26%"
"Garrett Whitlock","BOS","RP","85.4","89","5","9","3.84","1.26","36","81","26","9","55","5","4","0","49%"
"Kyle Hendricks","CHC","SP","181.6","133","11","0","4.53","1.28","91","191","41","28","31","31","11","1","77%"
"Devin Williams","MIL","RP","62.0","88","5","2","3.14","1.17","22","44","29","6","63","0","3","0","55%"
"Zack Greinke","KC","SP","166.9","125","10","0","4.31","1.26","80","171","38","24","28","28","10","1","62%"
"Jameson Taillon","NYY","SP","142.4","134","9","0","4.28","1.23","68","133","41","23","27","27","8","1","20%"
"Joe Barlow","TEX","RP","61.5","66","2","15","4.16","1.31","28","50","31","8","64","0","3","0","49%"
"Zach Plesac","CLE","SP","163.0","130","10","0","4.50","1.27","82","164","42","27","29","29","10","0","60%"
"Tony Gonsolin","LAD","SP","114.4","119","8","0","4.31","1.32","55","102","49","19","32","20","6","0","34%"
"Will Smith","ATL","RP","64.9","78","4","14","3.92","1.18","28","53","24","10","68","0","3","0","52%"
"Corey Kluber","TB","SP","138.5","134","9","0","4.17","1.28","64","128","50","19","26","26","7","2","33%"
"Lucas Sims","CIN","RP","55.1","77","3","18","3.92","1.22","24","43","24","8","54","0","3","0","11%"
"Chris Paddack","MIN","SP","74.5","71","5","0","4.19","1.21","35","73","17","12","29","9","4","0","17%"
"Stephen Strasburg","WSH","SP","123.8","124","8","0","4.03","1.24","55","110","43","17","22","21","7","0","54%"
"Cal Quantrill","CLE","SP,RP","153.3","129","9","0","4.49","1.31","76","153","48","23","28","28","9","0","71%"
"Josiah Gray","WSH","SP","138.4","136","7","0","4.83","1.33","74","132","53","27","27","26","8","0","13%"
"Cristian Javier","HOU","SP,RP","120.8","146","7","0","4.35","1.25","58","94","57","19","41","15","6","0","51%"
"Dylan Floro","MIA","RP","58.1","54","3","17","3.76","1.27","24","54","20","6","61","0","3","0","21%"
"Jesus Luzardo","MIA","SP,RP","122.4","118","7","0","4.66","1.40","63","122","49","19","30","23","9","0","23%"
"Taijuan Walker","NYM","SP","147.3","135","8","0","4.42","1.30","72","138","53","24","27","27","9","0","39%"
"Trevor Bauer","LAD","SP","50.5","61","4","0","3.69","1.14","21","41","17","8","9","8","2","1","66%"
"Aaron Ashby","MIL","SP,RP","82.5","93","5","0","3.97","1.35","36","75","37","9","43","8","4","0","14%"
"Drew Rasmussen","TB","SP,RP","128.1","128","8","0","3.94","1.26","56","113","48","16","30","24","6","0","53%"
"Zach Eflin","PHI","SP","146.1","129","9","0","4.35","1.27","71","149","36","23","26","26","8","1","13%"
"Brady Singer","KC","SP","142.0","132","8","0","4.27","1.35","67","139","52","17","27","27","9","1","9%"
"Tylor Megill","NYM","SP","111.9","115","6","0","4.24","1.27","53","103","38","18","30","20","7","1","10%"
"Luis Patino","TB","SP","119.2","122","7","0","4.53","1.35","60","113","48","19","45","19","7","0","10%"
"Nestor Cortes Jr.","NYY","SP,RP","120.0","123","6","0","4.43","1.28","59","114","39","22","27","20","7","0","21%"
"Marco Gonzales","SEA","SP","174.0","137","10","0","4.45","1.27","86","173","47","29","30","30","11","1","45%"
"Dane Dunning","TEX","SP","129.9","120","8","0","4.26","1.33","62","127","47","16","26","26","8","0","4%"
"Rowan Wick","CHC","RP","59.9","67","3","18","4.03","1.35","27","53","28","7","60","0","2","0","14%"
"Anthony Bender","MIA","RP","63.3","68","3","8","3.75","1.23","26","55","23","7","63","0","3","0","25%"
"Elieser Hernandez","MIA","SP","122.8","122","6","0","4.75","1.28","65","122","36","24","26","26","8","0","13%"
"Alex Colome","COL","RP","65.5","56","3","18","4.60","1.40","33","68","24","9","66","0","3","0","20%"
"Chad Green","NYY","RP","73.8","90","5","2","3.59","1.07","29","60","19","12","68","0","4","0","26%"
"Art Warren","CIN","RP","55.8","74","3","5","3.76","1.23","23","45","24","6","63","0","3","0","8%"
"Eric Lauer","MIL","SP","132.2","125","8","0","4.49","1.31","66","125","49","21","27","24","7","0","6%"
"Dinelson Lamet","SD","SP,RP","62.9","78","3","5","3.55","1.18","25","50","25","8","48","0","3","0","14%"
"Reid Detmers","LAA","SP","99.0","103","6","0","4.60","1.34","51","94","38","17","19","19","6","0","8%"
"Andrew Heaney","LAD","SP,RP","127.7","138","9","0","4.43","1.27","63","123","39","24","25","23","7","0","39%"
"Jonathan Loaisiga","NYY","RP","70.3","74","5","3","3.48","1.19","27","63","21","8","63","0","3","0","20%"
"Kyle Finnegan","WSH","RP","65.3","67","4","19","4.32","1.40","31","62","30","9","65","0","4","0","12%"
"Robert Suarez","SD","RP","58.7","60","3","11","3.88","1.27","25","53","21","7","60","0","3","0","44%"
"Matt Brash","SEA","SP,RP","101.9","105","6","0","3.93","1.33","44","92","44","14","26","17","6","0","22%"
"Diego Castillo","SEA","RP","60.8","69","3","6","3.79","1.20","26","50","23","8","61","0","3","0","15%"
"Patrick Corbin","WSH","SP","172.5","152","10","0","4.58","1.36","88","178","56","28","29","29","11","0","44%"
"Drew Steckenrider","SEA","RP","65.4","62","3","14","4.12","1.24","30","60","21","9","65","0","3","0","13%"
"Kyle Gibson","PHI","SP","179.0","152","10","0","4.65","1.40","93","182","69","26","31","31","10","0","40%"
"James Kaprielian","OAK","SP","114.2","113","6","0","4.48","1.28","57","106","41","19","23","21","8","0","4%"
"Madison Bumgarner","ARI","SP","167.3","136","8","0","4.93","1.31","92","172","48","31","30","30","11","1","17%"
"Cole Sulser","MIA","RP","64.4","70","4","6","3.84","1.26","27","56","26","8","63","0","3","0","17%"
"Michael Fulmer","DET","SP,RP","63.9","64","3","7","3.96","1.28","28","61","20","8","58","0","4","0","21%"
"Tanner Rainey","WSH","RP","55.7","74","3","8","4.68","1.44","29","46","34","9","62","0","3","0","2%"
"Chris Flexen","SEA","SP","166.2","129","10","0","4.48","1.33","83","175","46","24","30","30","10","0","42%"
"Nick Pivetta","BOS","SP","151.8","158","9","0","4.72","1.36","80","146","61","25","29","29","9","0","24%"
"James Karinchak","CLE","RP","55.9","77","4","4","3.56","1.24","22","41","29","7","60","0","3","0","8%"
"Chris Stratton","PIT","RP","71.9","73","3","7","4.32","1.36","35","69","29","10","66","0","4","0","3%"
"Michael Pineda","DET","SP","128.8","105","8","0","4.50","1.27","64","134","30","20","24","24","9","0","3%"
"Ken Giles","SEA","RP","42.3","50","2","7","3.94","1.24","19","38","15","6","45","0","2","0","2%"
"Hunter Greene","CIN","SP","96.1","96","6","0","4.66","1.35","50","92","38","16","18","18","6","0","36%"
"Nick Lodolo","CIN","SP","60.1","61","4","0","4.40","1.31","29","58","20","9","11","12","3","0","14%"
"Hector Neris","HOU","RP","70.4","87","4","3","3.84","1.23","30","58","29","10","72","0","3","0","6%"
"Pierce Johnson","SD","RP","59.6","73","3","3","3.96","1.26","26","50","26","8","62","0","3","0","3%"
"Alex Reyes","STL","RP","36.6","45","3","3","3.65","1.32","15","27","22","4","35","0","2","0","19%"
"Tyler Rogers","SF","RP","72.6","53","4","5","3.98","1.26","32","73","19","7","72","0","3","0","17%"
"Jorge Alcala","MIN","RP","63.1","66","3","6","4.08","1.23","29","57","20","9","61","0","3","0","2%"
"Aaron Bummer","CWS","RP","62.2","73","4","2","3.15","1.24","22","50","27","5","64","0","3","0","5%"
"Mitch Keller","PIT","SP","128.9","117","7","0","4.79","1.45","69","132","56","18","29","25","9","0","4%"
"Collin McHugh","ATL","SP,RP","63.9","71","4","1","3.76","1.18","27","56","19","8","54","1","3","0","13%"
"Trevor May","NYM","RP","64.6","81","4","2","3.86","1.23","28","55","24","10","67","0","3","0","4%"
"Mike Minor","CIN","SP","150.1","144","9","0","4.61","1.27","77","145","46","28","27","26","9","1","6%"
"David Robertson","CHC","RP","54.8","59","3","10","4.10","1.28","25","49","21","7","57","0","3","0","5%"
"Carlos Hernandez","KC","SP,RP","124.1","109","7","0","4.85","1.45","67","125","54","19","25","24","9","0","9%"
"Brusdar Graterol","LAD","RP","57.2","52","3","2","3.82","1.30","24","55","19","6","57","0","3","0","4%"
"Ian Kennedy","ARI","RP","61.8","68","3","8","4.28","1.26","29","59","19","12","62","0","3","0","8%"
"Daniel Hudson","LAD","RP","58.9","73","4","2","3.95","1.20","26","49","22","9","61","0","2","0","4%"
"Seth Lugo","NYM","RP","65.1","72","4","1","3.94","1.22","29","59","21","10","62","0","3","0","2%"
"A.J. Puk","OAK","RP","69.6","71","4","3","4.51","1.42","35","71","28","10","54","4","4","0","1%"
"Tyler Wells","BAL","RP","108.0","114","6","5","4.65","1.26","56","104","32","21","40","17","7","0","3%"
"Adbert Alzolay","CHC","SP,RP","73.9","74","4","0","4.95","1.40","41","76","27","13","19","15","5","0","12%"
"Brad Hand","PHI","RP","60.2","63","3","3","4.24","1.28","28","55","22","9","61","0","4","0","10%"
"Jake Diekman","BOS","RP","63.0","83","3","5","3.97","1.36","28","51","34","8","65","0","3","0","3%"
"Kendall Graveman","CWS","RP","62.4","65","4","1","3.84","1.27","27","56","23","7","61","0","3","0","13%"
"Pete Fairbanks","TB","RP","36.1","45","2","3","3.59","1.25","14","30","15","4","38","0","2","0","2%"
"Wade Miley","CHC","SP","141.5","106","8","0","4.49","1.40","71","147","50","19","25","25","9","1","5%"
"Mychal Givens","CHC","RP","59.1","66","3","7","4.38","1.34","29","52","27","9","60","0","3","0","1%"
"Dylan Bundy","MIN","SP","150.8","141","9","0","4.73","1.34","79","151","51","25","28","28","10","1","9%"
"Adrian Houser","MIL","SP","144.5","112","9","0","4.50","1.42","72","145","60","17","29","28","9","1","8%"
"Sixto Sanchez","MIA","SP","62.8","56","4","0","3.93","1.25","27","60","19","7","12","11","4","0","4%"
"Emilio Pagan","MIN","RP","60.0","66","3","5","4.36","1.20","29","53","19","12","62","0","3","0","2%"
"Josh Staumont","KC","RP","63.9","73","3","5","4.05","1.33","29","54","31","8","63","0","3","0","4%"
"Ryan Yarbrough","TB","SP,RP","146.0","112","8","0","4.54","1.25","74","151","32","23","25","23","9","1","6%"
"Tyler Duffey","MIN","RP","65.4","69","3","4","3.99","1.29","29","60","24","8","65","0","3","0","1%"
"Jake Odorizzi","HOU","SP","99.8","94","6","0","4.33","1.27","48","94","33","16","33","15","6","0","3%"
"Merrill Kelly","ARI","SP","167.6","135","9","0","4.74","1.34","88","175","50","27","28","28","11","0","6%"
"Nate Pearson","TOR","RP","62.9","68","4","0","4.43","1.34","31","56","29","10","31","8","3","0","4%"
"Miles Mikolas","STL","SP","137.1","100","8","0","4.33","1.28","66","142","33","20","26","26","8","0","5%"
"Tyler Matzek","ATL","RP","64.6","80","4","1","3.62","1.29","26","51","33","6","67","0","2","0","13%"
"MacKenzie Gore","SD","SP","53.2","50","3","0","4.63","1.40","27","51","24","8","10","10","3","0","11%"
"JT Brubaker","PIT","SP","149.9","142","8","0","4.45","1.29","74","143","51","23","28","28","10","0","5%"
"Domingo German","NYY","SP","89.3","91","6","0","4.14","1.20","41","80","26","15","29","13","5","0","3%"
"Reiver Sanmartin","CIN","SP","79.9","73","5","0","4.18","1.30","37","77","26","10","27","11","4","0","3%"
"Rich Hill","BOS","SP","118.1","106","7","0","4.58","1.31","60","111","43","19","30","21","6","0","5%"
"Jose Alvarado","PHI","RP","58.5","71","3","3","3.99","1.45","26","48","36","6","63","0","3","0","1%"
"Matt Wisler","TB","RP","62.8","74","3","2","3.92","1.19","27","55","20","10","62","0","3","0","1%"
"Roansy Contreras","PIT","SP","68.5","63","4","0","4.39","1.32","33","65","25","9","13","13","4","0","3%"
"Edward Cabrera","MIA","SP","70.8","76","4","0","4.42","1.36","35","63","33","10","30","10","5","0","4%"
"Alex Vesia","LAD","RP","57.1","72","3","1","4.06","1.29","26","46","27","9","57","0","2","0","1%"
"Dustin May","LAD","SP","18.6","19","1","0","3.66","1.19","8","17","5","2","14","1","0","0","16%"
"Aaron Loup","LAA","RP","58.9","59","4","1","3.75","1.23","25","54","19","7","64","0","3","0","3%"
"Kenta Maeda","MIN","SP","6.8","7","0","0","3.99","1.13","3","6","2","1","2","1","0","0","2%"
"Brent Suter","MIL","RP","68.9","62","5","0","4.14","1.28","32","67","21","9","63","1","4","0","1%"
"Luis Gil","NYY","SP","77.4","88","4","0","4.47","1.38","38","67","40","12","33","10","4","0","2%"
"Colin Poche","TB","RP","34.4","44","2","0","3.78","1.17","14","27","13","5","33","0","2","0","0%"
"Yimi Garcia","TOR","RP","58.3","61","4","4","4.31","1.22","28","53","18","10","61","0","4","0","2%"
"Tim Mayza","TOR","RP","58.3","61","4","2","3.71","1.26","24","52","21","7","63","0","2","0","1%"
"Jordan Hicks","STL","RP","64.9","66","3","3","4.03","1.42","29","58","34","6","51","5","3","0","5%"
"Caleb Thielbar","MIN","RP","65.3","73","4","1","3.97","1.25","29","60","22","9","63","0","3","0","2%"
"Ryan Tepera","LAA","RP","63.3","74","2","2","3.88","1.21","27","53","24","8","66","0","3","0","6%"
"Tyler Glasnow","TB","SP","8.0","11","0","0","3.46","1.15","3","6","3","1","2","1","0","0","12%"
"Amir Garrett","KC","RP","58.5","69","2","4","4.37","1.40","28","52","30","8","66","0","3","0","1%"
"Mike Mayers","LAA","RP","66.5","76","3","1","4.11","1.26","30","60","23","10","66","0","3","0","1%"
"Andrew Chafin","DET","RP","60.6","60","3","2","3.82","1.25","26","54","21","7","65","0","3","0","5%"
"Craig Stammen","SD","SP,RP","65.9","59","4","1","3.83","1.19","28","64","15","8","60","0","3","0","2%"
"Garrett Crochet","CWS","RP","22.1","22","1","0","6.72","1.80","17","31","9","5","3","2","2","0","1%"
"Dakota Hudson","STL","SP","126.6","95","8","0","4.37","1.39","62","124","53","15","28","24","8","0","4%"
"JT Chargois","TB","RP","59.4","62","4","2","3.91","1.28","26","52","24","7","64","0","3","0","1%"
"Daniel Bard","COL","RP","62.8","69","4","6","4.72","1.45","33","61","30","9","64","0","4","0","2%"
"Austin Gomber","COL","SP","132.9","122","8","0","4.99","1.41","74","138","50","23","27","27","9","0","3%"
"Nick Martinez","SD","RP,SP","92.8","86","5","0","4.45","1.33","46","90","33","14","39","11","5","0","1%"
"Andres Munoz","SEA","RP","45.6","56","3","2","4.06","1.38","21","41","22","6","57","0","3","0","3%"
"Zach Thompson","PIT","SP,RP","136.9","117","7","0","4.50","1.34","68","131","52","20","39","22","9","0","1%"
"A.J. Minter","ATL","RP","57.4","64","4","0","3.81","1.29","24","51","23","6","62","0","3","0","2%"
"Jake Cousins","MIL","RP","52.7","64","3","0","3.91","1.31","23","45","24","7","55","0","2","0","1%"
"Trevor Richards","TOR","RP","61.4","67","4","1","4.01","1.22","27","53","22","9","51","0","3","0","1%"
"Matthew Boyd","SF","SP","91.8","92","5","0","3.86","1.16","39","79","27","13","36","11","5","0","2%"
"Cole Irvin","OAK","SP","166.4","121","9","0","4.76","1.34","88","181","42","26","30","30","12","0","4%"
"Grayson Rodriguez","BAL","SP","40.7","45","3","0","4.04","1.22","18","35","15","6","8","8","3","0","9%"
"Luke Weaver","ARI","SP","104.7","101","6","0","4.67","1.32","54","104","34","18","37","16","7","0","0%"
"Genesis Cabrera","STL","RP","64.8","72","3","3","3.93","1.34","28","55","32","8","62","0","4","0","7%"
"Jorge Lopez","BAL","SP,RP","64.6","59","3","8","4.55","1.30","33","60","24","9","51","0","4","0","1%"
"David Price","LAD","SP,RP","78.6","71","5","0","4.01","1.26","35","73","26","11","42","7","4","0","2%"
"Griffin Canning","LAA","SP","49.5","51","3","0","4.56","1.32","25","46","19","8","17","7","3","0","1%"
"Richard Bleier","MIA","RP","60.2","45","3","1","3.67","1.23","25","61","13","6","64","0","3","0","1%"
"Kyle Muller","ATL","SP","46.9","46","3","0","4.68","1.47","24","44","25","6","20","7","3","0","1%"
"Phil Bickford","LAD","RP","50.6","56","3","0","4.06","1.27","23","45","19","7","55","0","2","0","1%"
"Jeffrey Springs","TB","RP","41.5","52","2","1","3.78","1.24","17","35","16","6","40","0","2","0","0%"
"Joely Rodriguez","NYM","RP","55.7","58","3","1","3.77","1.31","23","52","22","6","59","0","3","0","0%"
"Domingo Acevedo","OAK","RP","59.1","60","2","2","4.31","1.31","28","57","21","10","58","0","3","0","1%"
"Carlos Estevez","COL","RP","63.0","63","3","8","4.91","1.43","34","67","23","10","63","0","3","0","2%"
"Jose Suarez","LAA","SP,RP","123.6","108","8","0","4.88","1.41","67","128","47","20","24","23","9","2","2%"
"Nick Sandlin","CLE","RP","55.3","67","3","0","3.97","1.34","24","47","27","7","56","0","3","0","0%"
"Luis Cessa","CIN","RP","66.8","59","3","2","4.34","1.32","32","66","23","9","60","0","3","0","1%"
"Adam Ottavino","NYM","RP","62.2","74","4","2","4.18","1.38","29","52","33","7","66","0","3","0","4%"
"Brooks Raley","TB","RP","53.3","60","3","2","3.87","1.23","23","46","20","6","53","0","2","0","0%"
"Kris Bubic","KC","SP,RP","133.7","116","7","0","4.74","1.42","70","133","57","20","25","25","9","0","11%"
"Greg Holland","TEX","RP","51.8","52","3","6","4.30","1.37","25","47","25","7","53","0","3","0","1%"
"David Peterson","NYM","SP","60.4","57","4","0","4.22","1.34","28","57","24","8","14","11","4","0","0%"
"Ryne Stanek","HOU","RP","67.3","81","4","1","4.19","1.32","31","56","33","11","69","0","3","0","2%"
"Danny Duffy","LAD","SP","32.4","36","2","0","3.93","1.22","14","29","11","5","29","0","2","0","1%"
"Drew Pomeranz","SD","RP","37.2","43","2","3","3.94","1.32","16","32","17","5","36","0","2","0","1%"
"Tanner Scott","BAL","RP","57.5","70","3","1","3.72","1.36","24","48","30","6","59","0","3","0","0%"
"Jhoan Duran","MIN","SP","35.7","37","2","0","4.19","1.38","17","33","16","4","33","0","2","0","1%"
"Tyler Anderson","LAD","SP","107.4","87","6","0","4.51","1.26","54","105","30","19","27","17","6","0","1%"
"Phil Maton","HOU","RP","64.1","74","3","1","4.10","1.31","29","58","26","8","63","0","3","0","0%"
"Chris Martin","CHC","RP","56.4","50","3","1","4.17","1.25","26","58","13","8","60","0","3","0","0%"
"Daulton Jefferies","OAK","P,RP,SP","110.0","86","5","0","4.74","1.37","58","122","29","18","23","22","7","0","0%"
"Brad Boxberger","MIL","RP","62.2","72","4","2","4.28","1.28","30","52","28","9","65","0","3","0","2%"
"Dylan Coleman","KC","RP","48.0","53","3","0","4.23","1.37","23","46","20","6","47","0","3","0","0%"
"Brad Keller","KC","SP","151.6","122","9","0","4.51","1.44","76","155","63","18","28","27","10","0","1%"
"Michael Wacha","BOS","SP,RP","119.8","109","7","0","4.87","1.35","65","127","35","21","32","20","7","0","1%"
"Kyle Wright","ATL","SP","50.3","44","3","0","4.73","1.40","26","50","21","7","17","9","3","0","1%"
"Daniel Lynch","KC","SP","76.7","63","4","0","5.01","1.47","43","82","31","12","17","15","5","0","1%"
"Clay Holmes","NYY","RP","63.2","67","4","1","4.07","1.39","29","56","31","6","61","0","3","0","1%"
"Drew Smyly","CHC","SP,RP","113.4","107","6","0","4.93","1.37","62","115","40","22","28","20","7","0","1%"
"Joe Kelly","CWS","RP","50.4","55","3","0","3.73","1.31","21","45","21","5","53","0","2","0","1%"
"Cody Morris","CLE","SP","44.1","48","2","0","4.06","1.27","20","39","17","6","19","5","3","0","1%"
"Connor Brogdon","PHI","RP","56.7","57","3","1","4.31","1.30","27","53","21","9","57","0","3","0","0%"
"Ryan Thompson","TB","RP","39.7","40","3","0","4.20","1.34","19","40","13","5","43","0","2","0","0%"
"Trevor Rosenthal","","RP","41.6","53","2","0","3.86","1.33","18","33","23","5","41","0","2","0","0%"
"Jake Brentz","KC","RP","59.0","67","3","2","4.10","1.39","27","51","31","7","63","0","3","0","0%"
"Mike Soroka","ATL","SP","85.3","67","6","0","3.92","1.24","37","80","27","10","15","15","4","0","14%"
"Robert Stephenson","COL","RP","58.5","64","3","2","4.75","1.38","31","56","25","10","58","0","3","0","0%"
"Steven Okert","MIA","RP","48.8","53","2","0","4.35","1.30","24","45","18","8","49","0","3","0","0%"
"J.P. Feyereisen","TB","RP","59.8","61","3","3","4.27","1.37","28","51","31","9","62","0","3","0","2%"
"Caleb Smith","ARI","SP,RP","87.7","89","4","0","4.72","1.37","46","78","42","16","34","11","6","0","2%"
"Jose Quintana","PIT","SP,RP","131.2","127","6","0","4.60","1.39","67","131","52","19","29","24","9","0","1%"
"Spencer Howard","TEX","SP","99.2","97","5","0","4.99","1.43","55","99","42","15","28","21","7","0","1%"
"Tommy Kahnle","LAD","RP","37.7","46","2","0","3.64","1.21","15","31","14","5","39","0","1","0","0%"
"Nick Wittgren","STL","RP","58.0","55","3","1","4.15","1.26","27","54","18","9","58","0","3","0","0%"
"Jarlin Garcia","SF","RP","63.6","59","4","0","4.04","1.24","29","58","21","8","61","0","3","0","1%"
"Spencer Patton","TEX","RP","40.8","42","2","3","4.79","1.45","22","42","17","6","44","0","3","0","1%"
"Luke Jackson","ATL","RP","32.7","35","2","1","3.45","1.22","13","26","14","3","25","0","1","0","2%"
"Dillon Tate","BAL","RP","64.5","53","3","8","4.37","1.34","31","64","22","8","62","0","4","0","1%"
"Josh Taylor","BOS","RP","50.9","60","3","0","4.03","1.35","23","46","22","6","57","0","2","0","0%"
"Max Meyer","MIA","SP","32.9","31","2","0","4.32","1.37","16","31","14","4","14","4","2","0","5%"
"Yonny Chirinos","TB","SP","70.2","60","4","0","4.36","1.29","34","69","21","11","21","10","4","0","0%"
"Spencer Strider","ATL","RP","48.9","52","3","0","4.44","1.34","24","44","21","7","32","3","2","0","1%"
"John King","TEX","RP","42.6","37","2","0","4.02","1.31","19","42","14","5","38","0","3","0","0%"
"Paul Fry","BAL","RP","53.2","58","3","3","4.23","1.42","25","47","29","5","60","0","3","0","0%"
"Sam Coonrod","PHI","RP","47.8","50","3","1","4.15","1.35","22","45","20","6","49","0","2","0","0%"
"George Kirby","SEA","SP","56.5","50","3","0","4.26","1.30","27","56","17","8","12","10","4","0","3%"
"Julian Merryweather","TOR","RP","44.1","45","2","1","4.54","1.36","22","44","16","7","44","0","2","0","1%"
"Ross Stripling","TOR","SP,RP","81.7","75","5","0","4.39","1.26","40","79","24","14","44","6","4","0","0%"
"Dallas Keuchel","CWS","SP","154.7","102","9","0","4.61","1.42","79","166","53","21","28","28","9","0","2%"
"Caleb Ferguson","LAD","RP","23.0","28","1","0","3.79","1.26","10","20","9","3","24","0","1","0","0%"
"Jose Urena","MIL","SP,RP","39.5","30","2","0","4.91","1.43","22","42","15","6","30","1","2","0","0%"
"Josh Sborz","TEX","RP","59.2","67","3","2","4.27","1.40","28","55","27","9","64","0","3","0","0%"
"Reynaldo Lopez","CWS","SP,RP","78.6","77","4","0","4.33","1.27","38","73","26","13","49","5","4","0","1%"
"Kwang Hyun Kim","","SP,RP","27.5","22","2","7","3.76","1.25","12","25","10","4","14","4","2","0","1%"
"Casey Sadler","SEA","RP","34.2","34","2","0","4.67","1.43","18","37","12","5","50","0","2","0","0%"
"Dominic Leone","SF","SP,RP","58.1","61","3","1","4.32","1.36","28","54","25","8","60","0","3","0","1%"
"Matt Manning","DET","SP","120.0","92","6","0","4.94","1.44","66","131","42","18","25","24","9","0","2%"
"Glenn Otto","TEX","SP","68.3","67","4","0","4.50","1.37","34","66","28","9","19","12","5","0","0%"
"Sam Hentges","CLE","SP,RP","60.2","59","3","0","4.91","1.50","33","62","28","9","44","2","3","0","0%"
"Darwinzon Hernandez","BOS","RP","37.5","49","2","0","4.14","1.44","17","30","24","4","37","0","2","0","0%"
"James Paxton","BOS","SP","47.4","51","3","0","4.35","1.28","23","45","16","7","9","9","3","0","3%"
"Tim Hill","SD","RP","54.0","51","3","0","3.93","1.29","24","50","20","7","60","0","3","0","0%"
"Humberto Castellanos","ARI","SP,RP","49.9","39","2","0","4.99","1.39","28","54","16","9","34","3","3","0","0%"
"Brock Burke","TEX","SP","35.1","36","2","0","4.18","1.35","16","34","14","5","34","0","2","0","0%"
"Jose Quijada","LAA","RP","48.2","57","2","0","4.26","1.38","23","43","23","7","49","0","2","0","0%"
"Johnny Cueto","CWS","SP","92.3","75","5","0","4.92","1.38","50","98","30","16","17","17","6","0","1%"
"Austin Adams","","RP","48.5","62","2","1","3.94","1.33","21","39","26","5","54","0","2","0","0%"
"Anthony Misiewicz","SEA","RP","56.0","55","3","0","4.19","1.28","26","55","17","8","57","0","3","0","0%"
"Michael King","NYY","SP,RP","59.6","58","3","0","4.09","1.27","27","56","19","8","35","3","3","0","0%"
"Nick Anderson","TB","RP","16.1","19","1","0","3.82","1.17","7","14","5","2","16","0","1","0","1%"
"Miguel Castro","NYY","RP","62.2","69","3","0","4.08","1.40","28","53","33","7","61","0","3","0","0%"
"Daniel Norris","CHC","RP","57.4","57","3","1","4.29","1.34","27","54","23","8","52","0","3","0","0%"
"Tony Santillan","CIN","SP,RP","67.2","74","3","3","4.38","1.33","33","59","31","11","48","3","3","0","1%"
"J.B. Bukauskas","ARI","RP","22.2","21","1","0","4.82","1.49","12","22","11","3","25","0","1","0","0%"
"Bailey Falter","PHI","RP","43.1","41","2","0","4.40","1.29","21","43","12","7","31","3","2","0","0%"
"Jason Adam","TB","RP","32.2","39","2","0","4.35","1.33","16","28","15","5","35","0","2","0","0%"
"Corbin Martin","ARI","SP","39.7","35","2","0","5.30","1.52","23","40","20","7","19","5","3","0","0%"
"Chris Archer","MIN","SP","108.9","109","6","0","4.73","1.37","57","107","42","18","22","22","7","0","1%"
"Jeurys Familia","PHI","RP","61.3","64","3","1","4.43","1.41","30","57","29","8","62","0","3","0","1%"
"Matt Bush","TEX","RP","44.0","43","1","2","4.53","1.40","22","43","18","9","47","0","2","0","0%"
"Ryan Brasier","BOS","RP","60.5","57","3","1","4.71","1.40","32","63","22","9","65","0","3","0","0%"
"Mitch White","LAD","SP,RP","33.8","34","2","0","4.16","1.30","16","31","12","5","17","3","1","0","0%"
"J.A. Happ","","SP","109.7","88","6","0","5.02","1.38","61","114","37","20","20","20","7","0","0%"
"Jose Ruiz","CWS","RP","54.9","55","3","0","4.31","1.36","26","52","23","8","53","0","2","0","0%"
"Kyle Freeland","COL","SP","151.9","118","8","0","5.17","1.47","87","170","54","25","29","28","10","0","1%"
"Justin Dunn","CIN","SP","57.4","55","3","0","4.76","1.38","30","51","29","10","13","10","4","0","0%"
"Tony Watson","","RP","49.4","42","3","0","4.16","1.25","23","46","15","7","49","0","3","0","0%"
"Anthony Bass","MIA","RP","61.4","56","3","2","4.23","1.33","29","58","23","8","64","0","4","0","1%"
"Heath Hembree","PIT","RP","61.9","75","3","3","4.45","1.28","31","54","26","11","65","0","4","0","0%"
"Joe Jimenez","DET","RP","54.5","62","3","0","4.62","1.35","28","49","25","9","58","0","3","0","0%"
"Jordan Lyles","BAL","SP","157.9","129","7","0","5.28","1.41","93","168","55","32","28","28","12","0","1%"
"Sean Newcomb","ATL","RP","42.9","47","2","0","4.26","1.39","20","39","21","5","41","0","2","0","0%"
"Rafael Montero","HOU","RP","50.5","48","3","1","4.25","1.33","24","50","17","7","48","0","3","0","0%"
"Dean Kremer","BAL","SP","81.7","73","4","0","5.10","1.42","46","84","33","15","31","13","6","0","0%"
"Tucker Davidson","ATL","SP","64.1","60","4","0","4.42","1.39","31","60","29","9","22","11","3","0","1%"
"Mark Leiter Jr.","CHC","RP","4.0","4","0","0","4.50","1.25","2","4","1","1","4","0","0","0","0%"
"Zack Littell","SF","RP","56.1","55","3","0","4.29","1.34","27","53","22","7","55","0","3","0","0%"
"Deivi Garcia","NYY","SP","22.0","20","2","0","5.45","1.47","13","22","10","4","9","4","2","0","1%"
"Hirokazu Sawamura","BOS","RP","57.1","62","3","0","4.55","1.45","29","53","29","8","59","0","3","0","0%"
"Wandy Peralta","NYY","RP","55.8","51","3","0","4.19","1.37","26","54","22","7","58","0","3","0","0%"
"Trevor Stephan","CLE","RP","57.8","65","3","0","4.69","1.37","30","54","25","10","50","0","3","0","0%"
"Kervin Castro","SF","RP","30.9","30","2","0","4.39","1.38","15","29","13","4","26","0","2","0","0%"
"Hansel Robles","BOS","RP","53.2","57","3","2","4.47","1.36","26","49","23","8","54","0","3","0","1%"
"Adrian Morejon","SD","SP","16.0","17","1","0","4.13","1.30","7","14","6","2","9","2","1","0","1%"
"Louis Head","MIA","RP","42.6","42","2","0","4.36","1.32","21","40","16","6","41","0","2","0","0%"
"Patrick Murphy","WSH","RP","45.9","44","2","0","4.50","1.42","23","46","19","6","43","0","2","0","0%"
"Kyle Funkhouser","DET","RP","58.6","55","3","1","4.56","1.50","30","56","31","7","52","0","4","0","0%"
"Justus Sheffield","SEA","SP,RP","77.1","69","4","0","4.67","1.47","40","78","35","10","35","9","5","0","0%"
"Deolis Guerra","OAK","RP","40.8","39","2","1","3.69","1.24","17","37","14","6","37","0","2","0","0%"
"Keegan Akin","BAL","SP,RP","98.4","91","5","0","5.05","1.44","55","103","39","18","22","18","8","0","1%"
"Erik Swanson","SEA","RP","44.6","45","2","1","4.43","1.26","22","42","14","8","43","0","2","0","0%"
"Brett Anderson","","SP","79.3","47","5","0","4.71","1.43","41","89","25","11","16","16","6","0","0%"
"Jose Leclerc","TEX","RP","32.1","40","2","3","3.91","1.30","14","26","16","4","34","0","2","0","0%"
"Oliver Perez","ARI","RP","32.9","31","2","0","4.07","1.29","15","31","11","4","35","0","2","0","0%"
"Jesse Chavez","CHC","SP,RP","51.9","49","3","0","4.43","1.34","26","52","17","8","50","0","3","0","0%"
"Wily Peralta","DET","SP","52.8","38","3","0","4.84","1.47","28","55","23","7","24","5","3","0","0%"
"Dany Jimenez","OAK","RP","39.4","47","2","0","3.83","1.33","17","33","19","5","39","0","2","0","0%"
"JP Sears","NYY","RP,SP","38.6","40","2","0","4.15","1.29","18","36","13","6","39","0","2","0","0%"
"J.B. Wendelken","ARI","RP","56.5","54","3","1","4.56","1.42","29","55","25","8","56","0","3","0","0%"
"Joe Smith","MIN","RP","51.4","43","3","0","4.46","1.32","25","54","14","7","55","0","3","0","0%"
"Cesar Valdez","LAA","RP","22.4","20","1","0","4.50","1.31","11","23","6","3","18","0","1","0","0%"
"Austin Warren","LAA","RP","54.1","54","3","0","4.31","1.38","26","52","22","7","50","0","3","0","0%"
"Lucas Luetge","NYY","RP","49.2","49","3","0","3.88","1.21","21","45","14","7","49","0","2","0","1%"
"Sam Moll","OAK","RP","50.5","49","2","0","4.57","1.47","26","50","24","7","51","0","2","0","0%"
"Josh Winder","MIN","SP","77.9","69","4","0","4.60","1.31","40","77","25","13","31","10","4","0","0%"
"Cody Stashak","MIN","RP","42.9","48","2","0","4.45","1.31","21","42","14","7","43","0","2","0","0%"
"Trevor Williams","NYM","SP,RP","67.9","61","3","0","4.15","1.25","31","63","22","9","38","3","3","0","0%"
"Albert Abreu","TEX","RP","50.3","51","2","0","5.00","1.52","28","49","27","8","46","0","3","0","0%"
"Domingo Tapia","KC","RP","44.8","38","2","0","4.61","1.46","23","44","21","5","41","0","2","0","0%"
"Kolby Allard","TEX","SP,RP","59.7","51","3","0","4.28","1.26","28","56","19","9","30","4","3","0","0%"
"Shane Greene","LAD","RP","21.4","20","1","0","4.56","1.35","11","21","8","4","24","0","1","0","0%"
"Logan Allen","CLE","SP","59.2","50","3","0","4.95","1.46","33","62","24","9","36","4","4","0","0%"
"Oliver Ortega","LAA","RP","23.1","22","1","0","4.50","1.44","12","22","11","3","21","0","1","0","0%"
"Taylor Hearn","TEX","SP,RP","123.3","110","7","0","4.95","1.43","68","124","52","21","27","23","8","0","1%"
"Jose Cisnero","DET","RP","47.6","48","2","1","4.36","1.42","23","46","22","6","49","0","2","0","0%"
"Danny Coulombe","MIN","RP","25.7","26","1","0","4.19","1.32","12","25","9","3","24","0","1","0","0%"
"Matt Strahm","BOS","RP","49.7","45","3","0","4.47","1.27","25","51","12","8","46","0","2","0","0%"
"John Brebbia","SF","RP","31.3","35","1","0","4.12","1.23","14","28","10","4","30","0","1","0","0%"
"Austin Voth","WSH","RP","55.4","54","3","1","4.66","1.35","29","53","21","9","49","0","3","0","0%"
"Jay Jackson","ATL","RP","32.1","39","2","0","4.34","1.36","15","28","15","5","34","0","1","0","0%"
"Sam Long","SF","SP,RP","35.8","33","2","0","4.37","1.33","17","34","14","5","20","3","2","0","0%"
"Martin Perez","TEX","SP,RP","127.2","101","7","0","4.73","1.40","67","133","46","19","25","24","9","0","0%"
"Drew Smith","NYM","RP","52.2","51","3","0","4.57","1.35","27","50","20","9","52","0","3","0","0%"
"A.J. Alexy","TEX","SP","89.8","79","5","0","4.90","1.45","49","84","46","14","19","17","6","0","0%"
"Gabe Speier","KC","RP","37.0","34","1","0","4.44","1.38","18","38","14","5","36","0","2","0","0%"
"Adam Cimber","TOR","RP","65.9","49","4","1","4.12","1.30","30","67","19","8","67","0","3","0","1%"
"Ryan Helsley","STL","RP","54.9","54","3","1","4.49","1.42","27","50","27","8","56","0","4","0","0%"
"Sergio Romo","SEA","RP","57.7","57","2","1","4.47","1.31","29","55","21","9","59","0","3","0","0%"
"Daniel Ponce de Leon","","RP","18.0","17","1","0","4.50","1.37","9","15","9","3","16","0","1","0","0%"
"Brett Martin","TEX","RP","62.6","50","3","1","3.92","1.36","27","66","19","7","65","0","3","0","0%"
"Konnor Pilkington","CLE","SP","31.8","33","2","0","4.27","1.35","15","29","14","4","30","0","2","0","0%"
"Anthony Banda","PIT","RP","58.0","51","3","0","4.90","1.48","32","62","24","9","54","0","3","0","0%"
"Tyler Clippard","WSH","RP","41.8","40","2","4","4.49","1.26","21","38","14","8","41","0","2","0","0%"
"Sean Doolittle","WSH","RP","51.6","52","3","1","4.77","1.36","27","51","19","10","55","0","3","0","0%"
"Seranthony Dominguez","PHI","RP","46.0","47","2","2","4.58","1.39","23","44","20","6","48","0","3","0","1%"
"Sean Reid-Foley","NYM","RP","34.9","39","2","0","4.63","1.45","18","32","18","5","29","0","2","0","0%"
"Matt Liberatore","STL","SP","66.3","54","4","0","4.52","1.32","33","66","22","10","13","10","4","0","2%"
"Jalen Beeks","TB","RP","39.2","38","2","0","4.21","1.36","18","38","15","5","36","0","2","0","0%"
"Scott Effross","CHC","RP","44.4","40","2","1","4.71","1.37","23","47","14","7","44","0","3","0","0%"
"Michael Lorenzen","LAA","RP","113.6","97","6","0","4.61","1.42","58","114","47","16","31","19","6","0","1%"
"Duane Underwood Jr.","PIT","RP","60.9","56","3","0","4.65","1.40","31","61","24","8","52","0","3","0","0%"
"Brad Wieck","CHC","RP","26.2","34","1","0","3.72","1.23","11","20","12","3","23","0","1","0","0%"
"Garrett Richards","TEX","SP,RP","61.6","55","3","2","4.47","1.38","31","62","23","8","47","2","4","0","0%"
"Joel Payamps","KC","RP","39.4","33","2","0","4.51","1.36","20","41","13","6","34","0","2","0","0%"
"Oliver Drake","","RP","37.0","38","2","0","4.19","1.26","17","33","13","5","36","0","2","0","0%"
"Tobias Myers","CLE","SP","30.5","28","2","0","4.56","1.31","15","30","10","5","12","4","2","0","0%"
"Justin Steele","CHC","SP,RP","75.0","70","4","0","4.18","1.43","35","74","34","12","31","11","5","0","0%"
"Sam Howard","PIT","RP","50.3","59","3","0","4.44","1.41","25","45","26","8","54","0","3","0","0%"
"Adam Morgan","HOU","RP","26.1","27","1","1","4.28","1.29","12","24","10","4","29","0","1","0","0%"
"Evan Phillips","LAD","RP","36.0","38","2","0","4.49","1.42","18","35","17","5","33","0","2","0","0%"
"Tommy Hunter","","P,RP","32.5","28","2","0","4.16","1.28","15","32","10","4","29","0","2","0","0%"
"Ryan Weathers","SD","SP,RP","32.3","26","2","0","4.69","1.37","17","34","11","5","17","2","2","0","0%"
"Jacob Barnes","DET","RP","33.6","34","2","1","4.33","1.34","16","32","13","4","33","0","2","0","0%"
"Chaz Roe","","RP","36.3","38","2","0","4.20","1.36","17","33","16","4","37","0","2","0","0%"
"Tommy Romero","TB","SP","15.3","15","1","0","4.40","1.28","7","14","6","2","7","2","1","0","0%"
"Mike Foltynewicz","","SP","87.7","67","5","0","5.15","1.37","50","91","29","17","18","16","6","0","0%"
"Nick Nelson","PHI","RP","39.2","42","2","0","4.63","1.52","20","37","22","5","35","0","2","0","0%"
"Tyler Alexander","DET","SP,RP","103.7","87","5","0","4.62","1.32","53","107","30","17","42","15","6","0","1%"
"Josh Fleming","TB","SP,RP","82.8","58","5","0","4.27","1.33","39","86","24","10","27","9","5","0","0%"
"Erick Fedde","WSH","SP","112.9","93","6","0","4.84","1.41","61","117","42","18","29","19","7","0","0%"
"Kodi Whitley","STL","RP","38.4","39","2","0","3.97","1.32","17","34","16","5","41","0","2","0","0%"
"Trent Thornton","TOR","SP,RP","33.1","32","1","0","3.96","1.21","15","29","12","5","23","1","1","0","0%"
"Jhonathan Diaz","LAA","P,SP","20.7","19","1","0","4.28","1.36","10","20","8","3","13","0","1","0","0%"
"Kirby Yates","ATL","RP","29.6","37","2","0","3.69","1.17","12","25","10","4","31","0","1","0","1%"
"Drew VerHagen","STL","RP,SP","60.2","54","3","0","5.00","1.46","33","65","23","10","45","4","3","0","0%"
"Javy Guerra","","RP","20.7","19","1","0","4.29","1.39","10","20","9","3","20","0","1","0","0%"
"Jose Alvarez","SF","RP","53.6","41","3","0","4.04","1.34","24","54","18","6","55","0","3","0","0%"
"Kirby Snead","OAK","RP","42.0","44","2","0","3.66","1.29","17","38","17","4","40","0","2","0","0%"
"Michael Rucker","CHC","RP","31.0","30","1","0","4.69","1.39","16","32","11","5","26","0","1","0","0%"
"Alex Lange","DET","RP","49.5","48","2","0","4.70","1.49","26","50","24","6","49","0","3","0","0%"
"Wander Suero","LAA","RP","28.6","29","2","0","4.45","1.31","14","27","10","4","29","0","1","0","0%"
"Kutter Crawford","BOS","SP","29.2","30","2","0","4.54","1.34","15","28","11","4","21","2","2","0","0%"
"Chad Kuhl","COL","SP,RP","87.6","78","5","0","5.08","1.47","49","87","42","15","22","15","6","0","0%"
"Jimmy Lambert","CWS","SP","31.2","31","2","0","4.78","1.40","17","30","14","5","18","3","2","0","0%"
"Cionel Perez","BAL","RP","46.7","47","2","0","4.74","1.52","25","46","25","6","48","0","3","0","0%"
"Jeff Hoffman","CIN","SP,RP","58.7","63","3","1","4.73","1.41","31","55","28","9","48","0","3","0","0%"
"Kyle McGowin","","RP","34.0","36","1","0","4.37","1.28","17","31","12","6","32","0","1","0","0%"
"Ryan Borucki","TOR","RP","34.2","33","2","0","4.34","1.39","16","32","15","5","33","0","2","0","0%"
"Zach Logue","OAK","SP","46.1","41","2","0","4.45","1.29","23","45","14","7","14","7","3","0","0%"
"Archie Bradley","LAA","RP","56.9","50","3","0","4.46","1.41","28","57","23","8","57","0","3","0","1%"
"Joey Krehbiel","BAL","RP","47.9","46","2","0","5.40","1.51","29","51","21","9","47","0","3","0","0%"
"Will Harris","WSH","RP","35.9","36","2","0","4.38","1.34","17","36","12","5","39","0","2","0","0%"
"Steve Cishek","WSH","RP","64.8","58","3","2","4.52","1.47","33","63","32","8","67","0","3","0","0%"
"Jovani Moran","MIN","RP","32.8","38","2","0","4.40","1.45","16","30","17","4","29","0","2","0","0%"
"Bryan Shaw","CLE","RP","64.4","58","3","1","4.64","1.45","33","63","30","9","66","0","4","0","0%"
"Jakob Junis","SF","SP,RP","56.8","53","3","0","4.53","1.31","29","57","17","9","39","4","3","0","0%"
"Noe Ramirez","ARI","RP","56.6","53","3","1","4.54","1.32","29","54","21","9","58","0","3","0","0%"
"Joey Lucchesi","NYM","SP","22.7","23","1","0","4.26","1.26","11","21","8","4","10","2","1","0","0%"
"Jesse Hahn","","RP","40.2","42","3","1","4.37","1.41","20","36","21","5","41","0","3","0","0%"
"Alex Faedo","DET","SP,RP","8.2","8","0","0","4.30","1.23","4","8","3","2","5","1","0","0","0%"
"Tyler Ivey","HOU","SP","13.8","13","1","0","4.36","1.31","7","13","5","2","3","3","1","0","0%"
"Justin Wilson","CIN","RP","55.4","54","3","1","4.97","1.46","31","55","26","9","61","0","3","0","0%"
"Thomas Hatch","TOR","P,SP","23.6","22","1","0","4.58","1.34","12","23","9","4","18","1","1","0","0%"
"Dauri Moreta","CIN","RP","40.1","39","2","0","4.90","1.39","22","41","15","7","41","0","2","0","0%"
"Blake Parker","STL","RP","26.6","25","1","0","4.26","1.33","13","25","10","4","27","0","1","0","0%"
"Ryan Burr","CWS","RP","44.3","41","2","0","4.53","1.47","22","44","22","6","46","0","2","0","0%"
"Dedniel Nunez","NYM","SP","11.1","10","1","0","3.87","1.33","5","11","4","1","10","0","1","0","0%"
"Hoby Milner","MIL","RP","28.8","33","1","0","4.06","1.21","13","27","8","5","28","0","1","0","0%"
"Andrew Wantz","LAA","RP","34.1","37","2","0","4.64","1.37","18","33","14","6","29","0","2","0","0%"
"T.J. McFarland","STL","RP","52.7","36","3","0","4.28","1.39","25","56","17","6","52","0","3","0","0%"
"Angel Zerpa","KC","SP","16.2","14","1","0","4.46","1.36","8","16","6","2","6","3","1","0","0%"
"Edgar Santana","","RP","20.0","17","2","0","3.83","1.20","9","19","5","3","22","0","1","0","0%"
"Dillon Peters","PIT","SP","92.2","79","4","0","4.67","1.38","48","94","34","14","45","11","6","0","0%"
"Ryne Nelson","ARI","SP","24.8","25","1","0","4.75","1.36","13","24","9","4","10","4","2","0","0%"
"Zach Davies","ARI","SP","126.9","94","6","0","5.05","1.45","71","131","54","19","25","24","9","0","0%"
"Brandon Williamson","CIN","SP","15.5","17","1","0","4.75","1.39","8","15","6","3","3","2","1","0","0%"
"Daniel Castano","MIA","SP","15.5","10","1","0","4.42","1.36","8","16","5","2","11","0","1","0","0%"
"Anthony Kay","TOR","SP,RP","18.8","19","1","0","4.66","1.43","10","18","9","3","11","1","1","0","0%"
"Randy Dobnak","MIN","SP,RP","47.5","31","3","0","3.87","1.22","20","44","14","5","12","5","2","0","0%"
"Nick Margevicius","SEA","SP","37.4","32","2","0","4.57","1.35","19","38","12","6","16","4","2","0","0%"
"Nabil Crismatt","SD","RP","32.2","29","2","0","4.58","1.34","16","33","11","5","23","0","2","0","0%"
"Simeon Woods-Richardson","MIN","SP","11.3","12","1","0","4.50","1.41","6","11","5","2","3","2","1","0","1%"
"David Phelps","TOR","RP","35.4","39","2","0","4.13","1.28","16","32","13","5","38","0","2","0","0%"
"Hunter Strickland","CIN","RP","55.7","55","3","2","4.89","1.39","30","55","22","10","58","0","3","0","1%"
"Blake Taylor","HOU","RP","52.3","49","3","0","4.37","1.43","25","49","26","7","55","0","3","0","0%"
"Alan Rangel","ATL","SP","10.1","9","1","0","4.63","1.37","5","10","4","1","4","1","1","0","0%"
"Ross Detwiler","","SP,RP","44.6","41","2","0","4.69","1.37","23","45","17","8","44","0","2","0","0%"
"Joe Ross","WSH","SP","43.4","40","2","0","4.76","1.35","23","44","15","7","8","8","3","0","1%"
"Yusmeiro Petit","","RP","55.2","37","3","0","4.51","1.23","28","56","12","10","54","0","3","0","1%"
"Dylan File","MIL","SP","15.1","12","1","0","4.89","1.36","8","16","5","3","9","2","1","0","0%"
"Graham Ashcraft","CIN","SP","7.8","7","0","0","4.62","1.38","4","7","3","1","3","1","0","0","0%"
"Zach Pop","MIA","RP","33.3","31","1","0","4.62","1.49","17","36","14","4","34","0","2","0","0%"
"Spenser Watkins","BAL","SP,RP","24.3","17","1","0","5.66","1.49","15","28","8","6","20","1","2","0","0%"
"Shawn Armstrong","MIA","RP","18.7","20","1","0","4.23","1.31","9","17","7","3","18","0","1","0","0%"
"Chris Ellis","BAL","SP","19.0","17","1","0","5.21","1.50","11","20","9","4","8","1","2","0","0%"
"Pedro Baez","HOU","RP","43.0","40","2","0","4.44","1.33","21","40","17","7","43","0","2","0","0%"
"Braxton Garrett","MIA","SP","29.6","26","1","0","4.76","1.44","16","30","13","5","17","3","2","0","0%"
"Keegan Thompson","CHC","SP,RP","55.8","52","3","0","4.93","1.45","31","56","25","9","33","4","3","0","0%"
"Reiss Knehr","SD","SP,RP","11.5","9","1","0","4.85","1.47","6","11","6","1","5","1","1","0","0%"
"Juan Minaya","MIN","RP","23.5","24","1","0","4.42","1.39","12","22","11","3","20","0","1","0","0%"
"Jandel Gustave","MIL","RP","39.0","34","2","0","4.61","1.39","20","40","15","5","41","0","2","0","0%"
"Kyle Bradish","BAL","SP","53.8","56","3","0","4.64","1.43","28","51","26","8","32","4","3","0","0%"
"T.J. Zeuch","STL","SP","23.5","16","1","0","4.67","1.42","12","25","8","3","16","1","1","0","0%"
"Jharel Cotton","MIN","RP","46.2","46","3","0","4.33","1.44","22","46","21","7","43","0","2","0","0%"
"Darren O'Day","ATL","RP","39.5","41","2","0","4.26","1.26","19","36","13","6","43","0","1","0","0%"
"Humberto Mejia","ARI","SP","11.4","10","1","0","4.95","1.41","6","12","4","2","7","1","1","0","0%"
"Manny Banuelos","NYY","SP,RP","14.4","14","1","0","5.25","1.53","8","15","7","2","13","0","1","0","0%"
"Ryan Sherriff","PHI","RP","38.2","35","3","0","4.39","1.42","19","37","17","5","41","0","2","0","0%"
"Cody Poteet","MIA","SP","34.5","31","2","0","4.76","1.38","18","34","14","5","30","0","2","0","0%"
"Andrew Miller","","RP","38.4","38","2","0","4.68","1.40","20","37","17","6","44","0","2","0","0%"
"Alec Mills","CHC","SP,RP","113.2","82","6","0","4.86","1.39","61","122","36","19","27","19","7","1","1%"
"Austin Brice","PIT","RP","19.8","19","1","0","4.67","1.41","10","19","9","3","19","0","1","0","0%"
"Jake Latz","TEX","SP","9.6","9","1","0","4.73","1.39","5","9","4","2","3","2","1","0","0%"
"Thomas Eshelman","SD","SP","13.5","9","1","0","5.00","1.44","8","16","4","3","9","0","1","0","0%"
"Bruce Zimmermann","BAL","SP","111.5","95","6","0","5.25","1.48","65","123","43","20","23","23","9","0","0%"
"Rafael Dolis","","RP","42.4","45","2","1","4.45","1.47","21","38","24","5","45","0","3","0","0%"
"Jimmy Herget","LAA","RP","41.7","41","2","0","4.85","1.44","22","42","18","7","42","0","2","0","0%"
"Tyler Gilbert","ARI","SP","56.3","43","3","0","4.20","1.25","26","50","21","8","9","8","3","0","0%"
"Touki Toussaint","ATL","SP","29.2","29","2","0","5.40","1.55","18","31","15","5","17","3","2","0","0%"
"Steven Brault","CHC","SP","60.9","51","3","0","4.96","1.48","34","62","28","9","30","7","4","0","0%"
"Elvin Rodriguez","DET","SP","17.7","15","1","0","5.27","1.42","10","18","7","3","19","0","1","0","0%"
"Vince Velasquez","CWS","SP","74.8","79","4","0","4.67","1.32","39","66","33","14","38","7","4","0","0%"
"Cole Winn","TEX","SP","20.3","19","1","0","4.88","1.41","11","19","9","3","4","4","1","0","1%"
"Andrew Albers","SEA","SP","11.0","8","0","0","5.45","1.42","7","13","3","2","5","1","0","0","0%"
"Gerardo Carrillo","WSH","SP","7.8","7","0","0","5.09","1.53","4","8","4","1","7","0","0","0","0%"
"Brent Honeywell Jr.","OAK","P,SP","34.3","29","2","0","4.87","1.40","19","36","12","6","23","3","2","0","0%"
"Kohl Stewart","BAL","SP","13.3","11","0","0","4.95","1.45","7","14","6","2","17","1","1","0","0%"
"Alexander Vizcaino","CHC","SP","11.5","10","0","0","4.89","1.50","6","11","6","2","10","0","1","0","0%"
"Trevor Gott","MIL","RP","41.6","42","2","0","4.69","1.40","22","40","18","7","44","0","2","0","0%"
"Antonio Senzatela","COL","SP","167.1","111","9","0","4.93","1.41","92","189","47","22","30","29","10","0","1%"
"Derek Holland","","RP","30.3","31","1","0","5.04","1.42","17","31","12","5","27","0","1","0","0%"
"Manuel Rodriguez","CHC","RP","26.5","25","2","0","4.64","1.49","14","26","13","3","28","0","2","0","0%"
"Eli Morgan","CLE","SP","58.4","53","3","0","4.88","1.31","32","59","18","11","28","6","4","0","0%"
"Cooper Criswell","LAA","SP","13.9","11","1","0","4.81","1.34","7","15","4","2","5","3","1","0","0%"
"Austin Davis","BOS","RP","42.3","43","2","0","4.74","1.44","22","42","19","6","46","0","2","0","0%"
"Demarcus Evans","TEX","RP","26.6","31","1","0","4.51","1.41","13","22","15","4","25","0","2","0","0%"
"Brian Howard","OAK","SP","8.0","6","0","0","4.97","1.43","4","9","3","1","5","1","0","0","0%"
"D.L. Hall","BAL","SP","44.3","47","2","0","4.88","1.52","24","41","26","7","9","8","3","0","1%"
"Cole Hamels","","SP","48.4","43","3","0","4.72","1.39","25","48","20","7","10","9","3","0","0%"
"Ryan Hendrix","CIN","RP","35.3","37","2","0","4.74","1.46","19","34","17","6","36","0","2","0","0%"
"Grant Dayton","MIA","RP","12.9","14","1","0","4.39","1.35","6","12","5","2","15","0","0","0","0%"
"Jackson Kowar","KC","SP","63.6","61","4","0","4.76","1.43","34","63","27","9","23","9","5","0","0%"
"Brandon Kintzler","","RP","38.7","29","2","1","4.65","1.40","20","42","13","6","39","0","2","0","0%"
"Forrest Whitley","HOU","SP","13.1","14","1","0","5.58","1.59","8","13","8","3","3","2","1","0","1%"
"Bowden Francis","TOR","SP","15.3","14","1","0","4.99","1.38","8","15","6","3","7","2","1","0","0%"
"Miguel Del Pozo","DET","RP","26.3","26","1","0","4.67","1.45","14","26","12","4","26","0","1","0","0%"
"Riley O'Brien","CIN","SP","11.9","12","1","0","4.79","1.45","6","11","6","2","10","0","1","0","0%"
"Joe Mantiply","ARI","RP","47.1","44","2","0","4.45","1.41","23","49","18","6","53","0","3","0","0%"
"James McArthur","PHI","SP,RP","13.7","12","1","0","5.05","1.46","8","14","6","2","4","3","1","0","0%"
"Ryne Harper","","RP","31.3","28","2","0","4.68","1.33","16","31","10","5","30","0","1","0","0%"
"Justin Bruihl","LAD","RP","31.9","29","2","0","4.13","1.32","15","30","12","4","33","0","1","0","0%"
"Keone Kela","ARI","RP","21.9","24","1","0","4.14","1.26","10","20","8","4","22","0","1","0","0%"
"Jacob Webb","ATL","RP","28.2","28","2","0","4.39","1.35","14","26","12","4","27","0","1","0","0%"
"Miguel Yajure","PIT","SP","41.4","34","2","0","4.68","1.37","22","42","15","6","23","3","3","0","0%"
"Jon Heasley","KC","SP","36.3","30","2","0","4.87","1.39","20","37","13","6","19","4","2","0","0%"
"Asher Wojciechowski","SEA","SP","19.3","18","1","0","4.90","1.31","11","18","7","4","4","4","2","0","0%"
"Ethan Small","MIL","SP","41.2","39","2","0","4.66","1.44","21","39","21","6","11","8","3","0","0%"
"Taylor Clarke","KC","RP","49.3","42","2","0","4.56","1.35","25","48","18","7","41","0","3","0","0%"
"Matt Harvey","","SP","48.6","37","3","0","5.21","1.43","28","53","16","8","10","10","4","0","0%"
"Nick Mears","PIT","RP","27.4","28","1","0","4.92","1.49","15","27","14","4","29","0","1","0","0%"
"Ralph Garza Jr.","TB","RP","21.0","20","1","0","4.38","1.35","10","19","10","3","18","0","1","0","0%"
"Brandon Bielak","HOU","RP","27.8","26","2","0","4.33","1.36","13","27","11","4","19","1","2","0","0%"
"Trevor Cahill","","SP","37.3","31","2","0","5.02","1.42","21","38","15","6","10","7","3","0","0%"
"Alexander Wells","BAL","P","46.2","34","2","0","4.99","1.36","26","50","13","9","33","2","3","0","0%"
"Brendan McKay","TB","SP,DH","18.1","20","1","0","4.03","1.24","8","16","6","3","13","2","1","0","19%"
"Chasen Shreve","NYM","RP","40.0","39","2","0","4.59","1.40","20","37","19","7","41","0","2","0","0%"
"Jordan Balazovic","MIN","SP","23.5","21","1","0","4.66","1.41","12","24","9","3","6","3","1","0","0%"
"Jordan Yamamoto","NYM","P,SP","20.9","19","1","0","5.09","1.41","12","21","9","3","11","2","1","0","0%"
"Grant Holmes","OAK","RP,SP","21.7","20","1","0","5.08","1.52","12","23","10","3","18","0","1","0","0%"
"Victor Gonzalez","LAD","RP","26.0","25","1","0","4.07","1.37","12","24","11","3","27","0","1","0","0%"
"Paul Blackburn","OAK","SP","82.4","58","4","0","4.73","1.40","43","90","25","11","29","13","6","0","0%"
"Max Kranick","PIT","SP","33.9","26","2","0","5.07","1.42","19","36","12","5","18","4","2","0","0%"
"Paolo Espino","WSH","SP,RP","78.1","66","4","0","5.03","1.33","44","81","23","15","32","11","5","0","0%"
"Bryse Wilson","PIT","SP","108.4","77","5","0","5.33","1.47","64","124","36","19","25","21","8","0","0%"
"Anthony Gose","CLE","RP","48.4","56","3","0","4.94","1.55","27","41","34","7","46","0","4","0","0%"
"Matt Foster","CWS","RP","28.1","29","1","0","4.36","1.29","14","26","10","5","26","0","1","0","0%"
"Jaime Barria","LAA","SP","72.4","54","4","0","5.22","1.40","42","80","22","14","23","11","5","0","0%"
"Adam Oller","OAK","SP","72.9","66","4","0","4.64","1.38","38","71","29","10","21","13","5","0","0%"
"Dennis Santana","TEX","RP","47.9","46","2","0","4.68","1.47","25","46","24","6","47","0","3","0","0%"
"Wil Crowe","PIT","SP","94.1","84","4","0","5.22","1.49","55","98","42","16","40","13","7","0","0%"
"Cade Cavalli","WSH","SP","34.0","33","2","0","4.99","1.49","19","34","17","5","6","6","2","0","2%"
"Brad Brach","ATL","RP","22.3","22","1","0","4.59","1.45","11","21","11","3","26","0","1","0","0%"
"Wyatt Mills","SEA","RP","19.9","21","1","0","4.00","1.29","9","18","7","2","18","0","1","0","0%"
"Josh James","HOU","RP","23.1","29","1","0","4.35","1.33","11","19","11","3","21","0","1","0","0%"
"Taylor Widener","ARI","SP,RP","34.9","36","1","0","4.97","1.41","19","34","15","6","25","2","2","0","0%"
"Sean Nolin","","SP,RP","8.5","7","0","0","5.41","1.51","5","9","4","2","9","1","1","0","0%"
"Mike Baumann","BAL","RP","48.6","41","2","1","4.83","1.44","26","47","22","7","36","2","3","0","0%"
"Josh Tomlin","","RP","41.5","32","2","0","5.01","1.30","23","46","8","8","38","0","2","0","0%"
"Vladimir Gutierrez","CIN","SP","132.2","106","7","0","5.43","1.45","80","140","52","26","25","25","9","0","1%"
"Jace Fry","WSH","RP","19.6","21","1","0","4.34","1.43","9","17","11","2","18","0","1","0","0%"
"Griffin Jax","MIN","SP","58.2","46","3","0","5.25","1.40","34","62","20","11","27","5","3","0","0%"
"Kyle Zimmer","","RP","25.9","26","1","0","4.87","1.46","14","24","14","3","25","0","1","0","0%"
"Wade LeBlanc","","SP,RP","45.8","33","2","0","5.04","1.39","26","49","15","8","16","9","3","0","0%"
"Scott Kazmir","","SP","33.8","28","2","0","4.90","1.42","18","35","13","6","11","7","2","0","0%"
"Dellin Betances","LAD","RP","25.4","28","1","0","4.42","1.33","12","22","12","3","24","0","1","0","0%"
"Packy Naughton","STL","SP","21.8","16","1","0","5.52","1.62","13","28","7","4","11","2","1","0","0%"
"Tyler Kinley","COL","RP","59.4","60","3","0","4.91","1.41","32","56","28","10","59","0","3","0","0%"
"Connor Seabold","BOS","SP","21.5","17","1","0","5.19","1.41","12","22","8","3","7","4","1","0","0%"
"Tyler Beede","SF","RP","43.1","42","2","0","4.73","1.44","23","40","22","6","28","3","2","0","0%"
"Yency Almonte","LAD","RP","23.1","22","1","0","4.85","1.43","12","22","10","4","24","0","1","0","0%"
"Jonathan Hernandez","TEX","RP","27.7","27","1","0","4.36","1.39","13","27","12","4","25","0","2","0","0%"
"Jake Woodford","STL","SP,RP","63.8","47","3","0","4.93","1.44","35","66","26","10","31","7","4","0","0%"
"Darien Nunez","LAD","RP","12.9","15","1","0","3.90","1.28","6","11","6","2","16","0","1","0","0%"
"Andres Machado","WSH","RP","42.2","36","2","0","5.03","1.47","24","44","18","7","44","0","2","0","0%"
"Kohei Arihara","TEX","SP","24.7","16","0","0","7.18","1.57","20","29","10","7","23","3","2","0","0%"
"Johan Oviedo","STL","SP","31.0","26","1","0","4.78","1.48","16","31","15","4","17","3","2","0","0%"
"Ervin Santana","","RP","30.6","25","1","0","5.20","1.43","18","32","11","6","28","0","1","0","0%"
"Matt Moore","TEX","SP,RP","30.9","27","1","0","5.32","1.48","18","32","14","6","12","4","2","0","0%"
"Lewis Thorpe","MIN","SP","33.4","27","2","0","4.47","1.33","17","32","13","5","21","2","2","0","0%"
"Hans Crouse","PHI","SP","36.8","31","2","0","5.67","1.52","23","40","15","8","11","8","3","0","0%"
"Nick Neidert","MIA","SP","32.7","26","1","0","5.15","1.46","19","34","13","5","22","1","2","0","0%"
"Eric Hanhold","PIT","RP","27.2","23","1","0","6.03","1.69","18","34","12","5","34","0","2","0","0%"
"Adrian Sampson","CHC","SP,RP","18.3","14","1","0","5.18","1.40","11","20","6","4","8","1","1","0","0%"
"Mike Fiers","","SP","61.4","41","3","0","5.26","1.42","36","68","19","12","12","12","4","0","0%"
"J.C. Mejia","MIL","SP,RP","36.7","33","2","0","4.80","1.43","20","36","16","6","26","1","2","0","0%"
"Matt Shoemaker","","SP,RP","36.5","29","2","0","5.40","1.40","22","39","13","7","8","7","3","0","0%"
"Janson Junk","LAA","SP","21.2","17","1","0","5.31","1.45","13","22","8","4","8","3","1","0","0%"
"Jerad Eickhoff","PIT","SP","30.9","26","1","0","5.33","1.42","18","33","11","6","27","0","2","0","0%"
"Ty Buttrey","LAA","RP","14.8","15","1","0","4.01","1.30","7","14","5","2","15","0","1","0","0%"
"Bryan Garcia","DET","RP","30.4","24","1","0","5.22","1.51","18","32","14","5","30","0","2","0","0%"
"Joey Wentz","DET","SP","10.1","9","0","0","5.38","1.51","6","10","5","2","2","2","1","0","0%"
"Jake Arrieta","","SP","60.7","45","3","0","5.44","1.55","37","68","25","11","12","12","5","0","0%"
"Cody Ponce","","RP","31.0","26","1","0","5.32","1.43","18","34","11","5","11","3","2","0","0%"
"Ryan Rolison","COL","SP","42.7","35","2","0","5.50","1.49","26","47","16","8","8","8","3","0","0%"
"Lucas Gilbreath","COL","RP","47.5","44","2","0","5.26","1.57","28","50","25","7","47","0","3","0","0%"
"Garrett Cleavinger","LAD","RP","13.8","17","1","0","4.21","1.38","6","12","7","2","15","0","1","0","0%"
"Dan Straily","ARI","SP","68.4","58","3","0","5.37","1.41","41","72","25","14","13","12","5","0","0%"
"Luke Barker","MIL","RP","13.4","14","1","0","4.23","1.24","6","12","4","2","17","0","1","0","0%"
"Justin Lawrence","COL","RP","33.4","30","2","0","5.42","1.65","20","36","20","4","35","0","2","0","0%"
"Charlie Barnes","","SP","20.0","14","1","0","5.25","1.48","12","22","8","3","4","3","1","0","0%"
"Francisco Perez","WSH","RP","19.1","19","1","0","4.32","1.40","9","18","9","3","15","0","1","0","0%"
"Angel Perdomo","MIL","RP","19.7","26","1","0","4.14","1.42","9","16","12","2","20","0","1","0","0%"
"Aaron Sanchez","WSH","SP","37.0","27","2","0","5.42","1.54","22","40","17","6","12","6","3","0","0%"
"Sean Guenther","MIA","RP","19.8","17","1","0","4.21","1.31","9","20","6","2","13","0","1","0","0%"
"Ryan Feltner","COL","SP","36.0","29","2","0","5.67","1.54","23","40","16","7","13","6","3","0","0%"
"Sean Poppen","ARI","RP","41.2","40","2","0","4.64","1.47","21","43","17","5","43","0","2","0","0%"
"Chris Mazza","TB","RP","30.6","27","2","0","3.53","1.15","12","25","11","3","17","1","1","0","0%"
"Jordan Sheffield","COL","RP","31.6","29","1","0","5.23","1.53","18","31","17","5","30","0","2","0","0%"
"Yohan Ramirez","SEA","RP","30.1","36","2","0","4.30","1.41","14","24","18","4","28","0","2","0","0%"
"Jhoulys Chacin","COL","RP","60.7","49","3","0","5.16","1.46","35","63","26","10","53","0","3","0","0%"
"Devin Sweet","SEA","RP,SP","18.7","18","1","0","4.58","1.31","10","18","6","3","17","0","1","0","0%"
"Felix Pena","NYM","RP","13.3","12","1","0","4.65","1.35","7","13","5","2","14","0","1","0","0%"
"Josh Rogers","WSH","SP","56.2","37","3","0","6.27","1.60","39","71","19","13","20","9","5","0","0%"
"Enyel De Los Santos","CLE","RP","28.4","31","1","0","4.43","1.34","14","27","11","5","28","0","1","0","0%"
"Dylan Lee","ATL","RP","15.8","15","1","0","4.07","1.24","7","14","5","2","17","0","1","0","0%"
"Anibal Sanchez","WSH","SP","107.8","84","5","0","5.56","1.47","67","119","39","20","21","21","7","0","0%"
"Andrew Vasquez","TOR","RP","13.4","16","1","0","4.56","1.47","7","13","7","2","16","0","1","0","0%"
"Chi Chi Gonzalez","MIN","SP,RP","29.3","21","1","0","5.11","1.49","17","33","11","5","17","2","2","0","0%"
"Zac Lowther","BAL","SP","77.0","72","4","0","5.39","1.54","46","84","35","13","21","15","6","0","0%"
"Julio Teheran","","SP","66.5","56","3","0","5.37","1.47","40","67","31","13","13","13","5","0","0%"
"Peter Lambert","COL","SP","69.3","48","3","0","5.84","1.55","45","84","24","13","17","14","5","0","0%"
"Chase Anderson","DET","SP,RP","20.4","16","1","0","5.42","1.42","12","21","8","4","7","3","2","0","0%"
"Stephen Ridings","NYY","RP","14.9","16","1","0","4.48","1.33","7","13","6","2","15","0","1","0","0%"
"Devin Smeltzer","MIN","RP","19.5","17","1","0","4.46","1.29","10","19","6","3","13","0","1","0","0%"
"Luis Frias","ARI","RP","16.4","16","1","0","4.19","1.42","8","15","8","2","15","0","1","0","0%"
"Nick Mikolajchak","CLE","RP","26.4","28","2","0","4.55","1.31","13","25","9","5","27","0","2","0",""
"Nick Snyder","TEX","RP","24.5","23","1","0","4.63","1.43","13","24","11","4","24","0","2","0","0%"
"Bryan Abreu","HOU","RP","35.7","39","2","0","4.30","1.46","17","32","20","4","35","0","2","0","0%"
"Jose Castillo","SD","SP,RP","10.0","12","1","0","3.83","1.18","4","8","4","1","10","0","0","0","0%"
"Trey Wingenter","CIN","RP","17.8","22","1","0","4.55","1.31","9","15","9","3","17","0","1","0","0%"
"Ben Leeper","CHC","RP","10.3","11","1","0","4.39","1.34","5","10","4","2","12","0","1","0","0%"
"Scott Oberg","COL","RP","12.9","12","1","0","4.20","1.34","6","12","5","2","13","0","1","0","0%"
"Austin Pruitt","OAK","RP","19.0","16","1","0","4.33","1.30","9","19","5","3","18","0","1","0","0%"
"Alex Claudio","NYM","RP","28.4","23","1","0","4.25","1.38","13","29","10","4","30","0","1","0","0%"
"Steven Wilson","SD","RP","16.6","20","1","0","3.92","1.28","7","14","7","2","17","0","1","0","0%"
"James Norwood","PHI","RP","25.3","29","1","0","4.36","1.42","12","23","13","4","26","0","1","0","0%"
"Victor Arano","WSH","RP","14.8","16","1","0","4.36","1.30","7","13","6","2","18","0","1","0","0%"
"Bennett Sousa","CWS","RP","19.7","20","1","0","4.40","1.36","10","19","8","3","20","0","1","0","0%"
"Junior Fernandez","STL","RP","19.1","19","1","0","4.28","1.44","9","18","10","2","17","0","1","0","0%"
"Codi Heuer","CHC","RP","69.3","67","4","7","4.03","1.33","31","68","24","7","69","0","6","0","1%"
"Ethan Roberts","CHC","RP","26.6","25","1","0","4.35","1.35","13","26","10","3","28","0","1","0","0%"
"Anthony Castro","TOR","RP","17.0","18","1","0","4.58","1.36","9","15","8","3","17","0","1","0","0%"
"Kevin Ginkel","ARI","RP","18.0","21","1","0","4.50","1.37","9","16","8","3","28","0","1","0","0%"
"Matt Festa","SEA","RP","19.1","19","1","0","4.45","1.36","9","19","7","3","19","0","1","0","0%"
"Seth Martinez","HOU","RP","19.2","19","1","0","4.39","1.34","9","18","8","3","18","0","1","0","0%"
"Jonathan Holder","CHC","SP,RP","17.0","15","1","0","4.66","1.37","9","17","6","3","17","0","1","0","0%"
"Ty Blach","COL","SP","26.1","18","1","0","5.66","1.54","16","31","9","4","16","2","2","0","0%"
"Michel Baez","SD","SP,RP","17.4","19","1","0","4.23","1.37","8","16","8","2","17","0","1","0","0%"
"Neftali Feliz","","RP","14.0","16","1","0","4.50","1.29","7","13","6","3","18","0","1","0","0%"
"Dusten Knight","TB","RP","11.5","12","1","0","4.30","1.30","6","11","5","2","10","0","1","0","0%"
"Andrew Bellatti","PHI","RP","10.5","12","1","0","4.29","1.24","5","10","4","1","9","0","1","0","0%"
"Seth Romero","WSH","SP,RP","15.2","15","1","0","4.46","1.38","8","14","7","2","14","0","1","0","0%"
"Peter Solomon","HOU","RP","15.1","14","1","0","4.66","1.38","8","14","7","2","10","1","1","0","0%"
"Kent Emanuel","PHI","RP","12.6","10","1","0","4.49","1.36","6","13","4","2","10","0","1","0","0%"
"Jhon Romero","MIN","RP","25.4","23","1","0","4.68","1.36","13","26","9","4","29","0","1","0","0%"
"Angel Rondon","STL","RP","9.6","8","0","0","4.67","1.31","5","9","3","2","9","0","0","0","0%"
"Rex Brothers","MIL","RP","22.5","30","1","0","3.91","1.33","10","16","14","3","20","0","1","0","0%"
"Eduard Bazardo","BOS","RP","10.5","10","1","0","4.57","1.37","5","10","4","2","10","0","1","0","0%"
"Jimmy Cordero","NYY","RP","8.7","8","0","0","4.85","1.42","5","9","4","1","12","0","0","0","0%"
"Daniel Mengden","KC","RP,SP","28.9","22","1","0","4.51","1.32","15","29","10","4","19","4","2","0","0%"
"Carl Edwards Jr.","WSH","RP","19.5","21","1","0","4.60","1.34","10","17","9","3","24","0","1","0","0%"
"Yunior Marte","SF","RP","20.8","18","1","0","4.53","1.43","10","20","9","3","17","0","1","0","0%"
"Enoli Paredes","HOU","RP","7.8","9","0","0","4.05","1.41","4","7","4","1","11","0","0","0","0%"
"Joey Gerber","SEA","RP","10.4","10","0","0","4.54","1.41","5","10","4","1","13","0","0","0","0%"
"Clarke Schmidt","NYY","P,RP,SP","35.5","33","2","0","4.48","1.38","18","35","14","5","24","3","2","0","0%"
"John Schreiber","BOS","RP","14.0","13","1","0","4.39","1.38","7","14","5","2","11","0","1","0","0%"
"Arodys Vizcaino","KC","RP","7.0","7","0","0","4.71","1.43","4","7","3","1","8","0","0","0","0%"
"Alex Young","CLE","RP","22.2","19","1","0","4.85","1.43","12","23","9","4","17","0","1","0","0%"
"Zack Britton","NYY","RP","7.9","7","0","0","4.13","1.52","4","8","4","1","9","0","0","0","0%"
"Yennier Cano","MIN","RP","10.3","10","1","0","4.61","1.51","5","10","6","1","12","0","1","0","0%"
"Reyes Moronta","LAD","RP","9.0","9","0","0","5.33","1.48","5","8","6","1","12","0","0","0","0%"
"Yoan Lopez","NYM","RP","22.0","20","1","0","4.05","1.28","10","19","9","3","19","0","1","0","0%"
"Matt Bowman","NYY","RP","8.0","7","0","0","4.63","1.36","4","8","3","1","9","0","0","0","0%"
"Shea Spitzbarth","DET","RP","12.8","11","1","0","3.55","1.34","5","12","5","2","12","0","1","0","0%"
"Luis Perdomo","MIL","SP,RP","26.0","23","1","0","4.71","1.42","14","26","11","4","26","0","1","0","0%"
"Tayler Saucedo","TOR","RP","21.5","19","1","0","4.48","1.40","11","22","9","3","22","0","1","0","0%"
"Ryan Weiss","ARI","RP","10.8","10","0","0","4.49","1.40","5","11","4","1","10","0","1","0","0%"
"Roenis Elias","SEA","RP","9.0","9","0","0","5.00","1.39","5","9","4","2","9","0","1","0","0%"
"Daniel Duarte","CIN","RP","21.1","19","1","0","5.18","1.52","12","22","10","3","21","0","1","0","0%"
"Taylor Williams","","RP","11.0","11","0","0","4.91","1.39","6","11","5","2","14","0","0","0","0%"
"Calvin Faucher","TB","RP","11.0","11","0","0","4.45","1.51","5","11","6","2","10","0","1","0","0%"
"Connor Overton","CIN","SP,RP","16.5","15","1","0","4.36","1.27","8","16","5","3","11","1","1","0","0%"
"Kaleb Ort","BOS","RP","7.5","8","1","0","4.55","1.37","4","7","3","1","26","0","0","0","0%"
"Justin Grimm","OAK","RP","33.3","35","2","0","4.56","1.38","17","31","15","5","36","0","2","0","0%"
"Ryan Mason","MIN","RP","9.0","9","1","0","4.50","1.42","5","9","4","1","8","0","1","0","0%"
"Ryan Weber","NYY","RP","15.0","13","1","0","4.50","1.33","8","16","4","3","7","1","1","0","0%"
"Travis Lakins Sr.","BAL","RP","24.7","22","1","0","4.83","1.47","13","25","11","4","23","0","2","0","0%"
"Tommy Nance","MIA","RP","16.8","17","1","0","4.64","1.29","9","15","7","2","16","0","1","0","0%"
"Blake Cederlind","PIT","RP","21.9","21","1","0","4.44","1.40","11","21","10","3","23","0","1","0","0%"
"Trevor Hildenberger","SF","RP","10.4","9","0","0","4.59","1.43","5","10","4","1","11","0","1","0","0%"
"Chris Devenski","ARI","RP","18.2","17","1","0","5.14","1.38","10","19","6","4","21","0","1","0","0%"
"Blake Weiman","PIT","RP","13.3","12","1","0","4.68","1.37","7","13","5","2","17","0","1","0","0%"
"Sam Selman","OAK","RP","31.1","31","1","0","4.17","1.30","14","25","15","4","28","0","1","0","0%"
"Nick Vincent","","RP","18.3","17","1","0","4.45","1.33","9","19","6","3","17","0","1","0","0%"
"Luke Farrell","","RP","14.3","16","1","0","4.60","1.42","7","13","7","2","16","0","0","0","0%"
"Logan Gillaspie","BAL","RP","12.9","11","1","0","4.62","1.43","7","14","5","2","13","0","1","0","0%"
"Cam Bedrosian","PHI","RP","16.9","16","1","0","4.43","1.39","8","16","7","2","17","0","1","0","0%"
"Tyler Zuber","KC","RP","18.3","19","1","0","4.68","1.43","10","17","10","3","20","0","1","0","0%"
"Justin Anderson","TEX","RP","18.9","21","1","0","4.49","1.43","9","17","10","2","19","0","1","0","0%"
"Alexis Diaz","CIN","RP","24.2","27","1","0","4.68","1.43","13","22","13","4","25","0","1","0","0%"
"Cristopher Sanchez","PHI","SP,RP","28.5","28","2","0","4.33","1.45","14","27","14","3","16","2","2","0","0%"
"Edwin Uceta","ARI","RP","9.3","10","0","0","4.50","1.39","5","9","4","1","8","0","0","0","0%"
"Hunter Harvey","WSH","RP","25.8","23","1","0","4.66","1.36","13","26","9","4","24","0","1","0","0%"
"Jake Reed","NYM","RP","26.9","26","1","0","4.63","1.41","14","27","11","4","26","0","1","0","0%"
"Bryan Baker","BAL","RP","29.3","30","2","0","4.84","1.47","16","27","16","5","30","0","2","0","0%"
"Miguel Sanchez","MIL","RP","22.2","21","1","0","4.74","1.43","12","22","10","3","23","0","1","0","0%"
"Ramon Rosso","DET","RP","14.6","13","1","0","4.75","1.43","8","15","6","2","12","0","1","0","0%"
"Kyle Barraclough","LAA","RP","24.4","29","1","0","4.79","1.41","13","21","13","4","23","0","1","0","0%"
"Paul Campbell","MIA","RP","14.4","12","1","0","4.76","1.39","8","15","5","2","11","0","1","0","0%"
"Wandisson Charles","OAK","RP","9.8","10","0","0","4.48","1.41","5","8","5","1","11","0","0","0","0%"
"Ricardo Pinto","DET","SP,RP","10.5","9","1","0","5.14","1.48","6","11","5","1","9","0","1","0","0%"
"JoJo Romero","PHI","RP","6.3","6","0","0","4.74","1.47","3","6","3","1","7","0","0","0","0%"
"Alberto Baldonado","WSH","RP","10.7","11","0","0","4.50","1.38","5","10","5","2","15","0","0","0","0%"
"Jonathan Stiever","CWS","RP","14.3","13","1","0","5.25","1.39","8","15","5","3","11","2","1","0","0%"
"Jake Jewell","CLE","RP","11.0","11","0","0","5.11","1.43","6","11","5","2","13","0","0","0","0%"
"Eric Yardley","CHC","RP","23.3","16","1","0","4.26","1.40","11","25","8","3","26","0","1","0","0%"
"Miguel Diaz","DET","RP","16.0","16","1","0","4.67","1.46","8","16","8","3","12","0","1","0","0%"
"Gregory Santos","SF","RP","6.7","7","0","0","4.45","1.42","3","6","3","1","9","0","0","0","0%"
"Tyler Danish","BOS","RP,SP","15.9","13","1","0","4.92","1.43","9","17","6","2","16","0","1","0","0%"
"Tyler Johnson","CWS","RP","7.0","7","0","0","4.71","1.48","4","7","3","1","8","0","0","0","0%"
"Fernando Abad","","RP","25.1","21","1","0","4.67","1.36","13","26","8","4","24","0","1","0","0%"
"Keynan Middleton","ARI","RP","21.8","21","1","1","4.63","1.46","11","21","11","3","21","0","1","0","0%"
"Roel Ramirez","","RP","8.7","8","1","0","4.50","1.38","4","8","4","1","26","0","0","0","0%"
"Jake Faria","MIN","SP,RP","15.1","15","1","0","4.81","1.42","8","15","6","3","16","0","1","0","0%"
"Elvis Peguero","LAA","RP","9.7","8","1","0","5.28","1.55","6","11","4","1","11","0","1","0","0%"
"Kyle Tyler","SD","RP","17.3","14","1","0","5.29","1.60","10","21","7","3","14","0","1","0","0%"
"Jimmy Yacabonis","MIA","RP","9.3","8","1","0","4.50","1.39","5","9","4","2","10","0","1","0","0%"
"Adonis Medina","PIT","P,RP,SP","9.9","8","0","0","5.84","1.63","6","12","4","2","6","1","1","0","0%"
"Jake Petricka","","RP","14.0","13","1","0","4.66","1.39","7","14","6","2","16","0","1","0","0%"
"Marcos Diplan","BAL","RP","13.0","12","0","0","4.98","1.51","7","12","7","2","13","0","1","0","0%"
"Joan Adon","WSH","SP","54.9","46","3","0","5.16","1.50","32","57","25","9","13","10","4","0","0%"
"Hunter Stratton","PIT","RP","27.0","27","1","0","4.87","1.53","15","25","16","4","29","0","1","0","0%"
"Shaun Anderson","TOR","RP","14.4","13","1","0","5.15","1.44","8","15","6","3","10","0","1","0","0%"
"Ray Kerr","SD","RP","8.8","9","0","0","4.70","1.50","5","9","5","1","9","0","0","0","0%"
"Luis Avilan","WSH","RP","16.4","15","1","0","4.71","1.43","9","16","7","2","19","0","1","0","0%"
"Jose Marte","LAA","RP","10.6","11","0","0","4.75","1.51","6","10","6","1","11","0","1","0","0%"
"Brad Peacock","KC","P,RP,SP","16.0","15","0","0","5.48","1.39","10","16","6","3","7","0","1","0","0%"
"Hector Santiago","","RP","16.8","17","1","0","4.64","1.40","9","16","8","3","13","0","1","0","0%"
"Graham Spraker","TOR","RP","20.3","18","1","0","4.93","1.42","11","20","9","3","18","0","1","0","0%"
"Dillon Maples","PHI","RP","17.0","20","1","0","4.88","1.61","9","15","12","2","18","0","1","0","0%"
"Robert Dugger","TB","SP,RP","12.7","10","0","0","4.97","1.42","7","13","5","2","9","1","1","0","0%"
"Thomas Szapucki","NYM","RP","12.9","12","0","0","5.00","1.53","7","13","7","2","5","1","1","0","0%"
"Miguel Romero","OAK","RP","13.9","11","1","0","4.98","1.47","8","15","6","2","14","0","1","0","0%"
"Ian Krol","SD","RP","24.9","25","1","0","4.55","1.43","13","24","12","3","26","0","1","0","0%"
"Drew Hutchison","DET","SP,RP","24.8","19","1","0","4.01","1.29","11","21","11","3","18","1","1","0","0%"
"Damon Jones","PHI","RP","17.7","19","1","0","4.49","1.52","9","16","11","2","28","0","1","0","0%"
"Antonio Santos","NYM","RP","21.1","17","1","0","4.96","1.44","12","22","8","4","15","0","1","0","0%"
"Alec Bettinger","MIL","P,RP,SP","24.2","20","1","0","4.84","1.35","13","25","8","4","9","3","1","0","0%"
"Adam Kolarek","OAK","RP","21.2","15","1","0","4.29","1.40","10","22","8","2","22","0","1","0","0%"
"AJ Ramos","","RP","16.0","18","1","0","4.36","1.31","8","14","7","2","15","0","1","0",""
"Jace Vines","KC","RP","21.7","17","1","0","4.64","1.47","11","22","10","2","22","0","1","0","0%"
"Jake Newberry","PHI","RP","10.0","10","0","0","5.18","1.48","6","11","4","2","10","0","1","0","0%"
"Matt Peacock","ARI","SP,RP","17.7","11","1","0","4.91","1.49","10","20","7","2","14","0","1","0","0%"
"James Hoyt","","RP","8.3","8","0","0","5.04","1.44","5","8","4","1","12","0","0","0","0%"
"Caleb Baragar","ARI","RP","16.5","14","1","1","5.25","1.45","10","16","8","3","18","0","1","0","0%"
"Carson Fulmer","LAD","RP","11.7","12","0","0","5.66","1.57","7","12","6","2","12","0","0","0","0%"
"Shelby Miller","NYY","RP","11.3","11","0","0","4.99","1.47","6","11","5","2","8","1","1","0","0%"
"Isaac Mattson","BAL","RP","18.7","18","1","0","4.79","1.44","10","18","9","3","18","0","1","0","0%"
"Collin Snider","KC","RP","32.0","23","2","0","5.06","1.48","18","35","12","5","32","0","2","0","0%"
"Yoan Aybar","CWS","RP","7.5","7","0","0","5.58","1.65","5","8","5","1","8","0","0","0","0%"
"Yennsy Diaz","NYM","RP","18.7","16","1","0","4.89","1.46","10","19","9","3","16","0","1","0","0%"
"Edgar Garcia","","RP","13.5","14","0","0","5.33","1.48","8","13","7","3","13","0","1","0","0%"
"Justin Topa","MIL","RP","15.6","14","1","0","4.96","1.41","9","16","6","2","16","0","1","0","0%"
"Justin Garza","CLE","RP","17.6","17","1","0","5.00","1.48","10","17","9","3","13","0","1","0","0%"
"Wes Benjamin","CWS","RP","23.7","21","1","0","5.20","1.58","14","27","11","4","19","2","1","0","0%"
"Gabe Klobosits","WSH","RP","12.3","10","1","0","5.24","1.48","7","12","6","2","15","0","1","0","0%"
"Tanner Anderson","","RP","19.3","13","1","0","4.97","1.48","11","21","8","2","7","4","1","0","0%"
"Brett de Geus","ARI","RP","20.6","17","1","0","4.81","1.49","11","21","10","3","24","0","1","0","0%"
"Andre Jackson","LAD","RP","24.1","22","1","0","4.91","1.43","13","24","11","4","7","3","2","0","0%"
"Conner Menez","CHC","RP","19.0","19","1","0","5.09","1.53","11","20","9","3","12","0","1","0","0%"
"Felix Bautista","BAL","RP","44.1","46","2","1","5.10","1.54","25","41","27","7","45","0","3","0","0%"
"Brandon Workman","","RP","29.1","30","1","0","4.69","1.49","15","28","15","4","30","0","1","0","0%"
"Michael Feliz","BOS","RP","27.1","29","1","0","5.02","1.40","15","27","11","5","30","0","1","0","0%"
"Robert Gsellman","CHC","RP","17.0","13","1","0","5.39","1.56","10","20","6","3","15","0","1","0","0%"
"Sam Clay","WSH","RP","21.2","18","1","0","4.49","1.51","11","22","10","2","25","0","1","0","0%"
"Aaron Fletcher","PIT","RP","31.0","24","1","0","4.79","1.49","17","34","12","4","32","0","2","0","0%"
"Junior Guerra","","RP","33.1","30","2","0","4.69","1.43","17","31","16","4","29","0","2","0","0%"
"Scott Blewett","","RP","10.3","9","0","0","5.23","1.52","6","11","5","2","8","0","0","0","0%"
"Kyle Crick","CWS","RP","34.5","35","2","0","4.75","1.47","18","32","19","5","36","0","2","0","0%"
"Jordan Holloway","MIA","SP,RP","24.5","23","1","0","5.21","1.61","14","25","15","4","21","0","2","0","0%"
"Tanner Roark","","P,RP","26.2","21","1","0","5.23","1.44","15","28","9","5","5","5","2","0","0%"
"Ian Gibaut","CLE","RP","24.4","25","1","0","4.63","1.44","13","24","11","3","21","0","1","0","0%"
"Erasmo Ramirez","WSH","RP","23.9","20","1","0","4.85","1.38","13","25","8","4","23","0","1","0","0%"
"Anderson Severino","CWS","RP","14.8","14","1","0","4.90","1.58","8","15","9","2","14","0","1","0","0%"
"Ronald Bolanos","KC","RP","16.9","16","1","0","4.60","1.47","9","17","8","2","11","0","1","0","0%"
"Dan Winkler","TEX","RP","24.3","24","1","0","4.72","1.44","13","22","13","4","27","0","1","0","0%"
"Julian Fernandez","COL","RP","18.6","17","1","0","5.14","1.48","11","19","8","3","18","0","1","0","0%"
"Mason Thompson","WSH","RP","29.6","26","2","0","5.05","1.53","17","31","14","4","31","0","2","0","0%"
"Ben Bowden","COL","RP","24.3","26","1","0","5.12","1.49","14","24","12","4","25","0","1","0","0%"
"Phillips Valdez","BOS","RP","26.7","24","1","0","4.43","1.39","13","24","13","3","20","0","1","0","0%"
"Zack Burdi","","RP","23.1","24","1","0","4.86","1.45","13","22","11","4","19","0","1","0","0%"
"Rony Garcia","DET","RP","30.6","26","1","0","5.07","1.44","17","32","12","5","23","0","2","0","0%"
"JD Hammer","COL","RP","20.7","20","1","0","5.07","1.46","12","20","10","3","22","0","1","0","0%"
"Jason Foley","DET","RP","37.8","31","1","0","4.71","1.48","20","38","17","5","39","0","2","0","0%"
"Buck Farmer","CIN","RP","27.7","27","1","0","5.12","1.46","16","28","12","5","28","0","1","0","0%"
"Will Vest","DET","RP","28.0","23","1","0","4.63","1.45","14","28","13","3","25","0","2","0","0%"
"Tyler Thornburg","ATL","RP","38.5","39","2","0","5.09","1.47","22","38","18","7","41","0","1","0","0%"
"Cory Abbott","CHC","SP,RP","24.1","23","1","0","5.09","1.44","14","23","12","5","8","3","1","0","0%"
"Ashton Goudeau","COL","RP","36.6","26","2","0","5.64","1.55","23","42","14","7","27","1","2","0","0%"
"Dan Altavilla","BOS","RP","13.0","15","1","0","4.85","1.38","7","12","6","2","18","0","1","0","0%"
"Conner Greene","BAL","RP","12.0","11","0","0","5.25","1.58","7","13","6","2","12","0","1","0","0%"
"Aaron Brooks","STL","SP,RP","37.7","30","2","0","4.77","1.37","20","39","13","6","28","2","2","0","0%"
"Spencer Turnbull","DET","SP","17.0","15","1","1","2.20","0.87","4","9","6","1","2","2","1","0","1%"
"Tanner Banks","CWS","RP","33.0","26","2","0","4.45","1.31","16","35","9","5","33","0","2","0","0%"
"Adrian Martinez","OAK","SP,RP","42.0","33","2","0","4.53","1.39","21","43","16","6","9","7","3","0","0%"
"Zach Jackson","OAK","RP","30.4","30","1","0","4.32","1.45","15","28","16","3","30","0","1","0","0%"
"Ron Marinaccio","NYY","RP","19.4","22","1","0","4.47","1.40","10","18","9","3","19","0","1","0","0%"
"Tommy Eveld","MIA","RP","15.0","15","1","0","4.60","1.31","8","14","6","2","15","0","1","0","0%"
"Ronel Blanco","HOU","RP","18.0","19","1","0","4.50","1.39","9","17","8","3","21","0","1","0","0%"
"Penn Murfee","SEA","SP","11.8","12","1","0","4.40","1.32","6","11","4","2","14","0","1","0","0%"
"R.J. Alaniz","ATL","RP","11.0","12","1","0","4.50","1.36","6","11","5","2","12","0","1","0","0%"
"Jacob Lemoine","OAK","RP","28.3","22","2","0","4.78","1.52","15","29","14","4","36","0","2","0","0%"
"Andre Pallante","STL","RP,SP","20.1","15","1","0","4.48","1.44","10","20","9","3","18","0","1","0","0%"
"Caleb Kilian","CHC","SP","7.0","6","1","0","4.29","1.33","3","7","2","1","2","2","0","0","0%"
"Garrett Hill","DET","RP,SP","13.4","12","1","0","4.90","1.39","7","13","6","2","2","2","1","0","0%"
"Adam Scott","CLE","RP,SP","10.3","10","1","0","4.83","1.41","6","10","4","2","12","0","1","0","0%"
"Brandon Waddell","STL","RP","11.8","10","1","0","4.46","1.48","6","12","5","2","11","0","1","0","0%"
"J.P. France","HOU","SP","7.3","8","1","0","4.91","1.41","4","7","3","2","2","2","1","0","0%"
"Parker Dunshee","OAK","SP","9.2","8","0","0","4.83","1.34","5","9","3","2","5","1","1","0","0%"
"Mike Montgomery","NYM","SP,RP","7.0","6","0","0","4.71","1.38","4","7","3","1","8","0","0","0","0%"
"David McKay","NYY","RP","8.0","9","0","0","5.06","1.44","5","8","4","1","8","0","0","0","0%"
"Kyle Nelson","ARI","RP","4.5","4","0","0","4.57","1.50","2","4","2","1","5","0","0","0","0%"
"Argenis Angulo","MIN","RP","6.0","6","0","0","4.50","1.58","3","6","4","1","6","0","0","0","0%"
"Ian McKinney","SEA","RP,SP","7.3","7","0","0","5.32","1.45","4","7","3","1","2","2","1","0","0%"
"Cayne Ueckert","CHC","RP","10.0","10","0","0","4.95","1.55","6","10","6","2","10","0","1","0","0%"
"Jimmy Nelson","LAD","RP","11.8","14","1","0","5.97","1.69","8","15","5","2","17","0","1","0","0%"
"William Woods","ATL","SP,RP","15.4","11","1","0","5.60","1.58","10","16","8","3","3","3","1","0","0%"
"Daniel Tillo","KC","SP,RP","7.0","5","0","0","5.14","1.67","4","8","4","1","2","2","1","0","0%"
"Colin Holderman","NYM","RP","4.0","4","0","0","4.50","1.50","2","4","2","1","4","0","0","0",""
"Connor Thomas","STL","SP","31.5","24","2","0","4.29","1.35","15","31","12","4","13","2","2","0",""
""
""